id_cliente;cd_cliente;cliente_nome;cliente_sexo
1136;12346;Mila;F
647;12347;Christy;F
613;12348;Leona;F
549;12349;Nina;F
631;12351;Dora;F
575;12352;Brayden;M
637;12353;Ana;F
636;12355;Eduardo;M
470;12356;Joann;F
626;12357;Parker;M
576;12358;Sophie;F
560;12359;Sadie;F
580;12360;Casey;M
356;12361;Dolores;F
353;12362;Jill;F
564;12366;Colton;M
565;12368;Spencer;M
581;12369;Bryce;M
579;12370;Gwendolyn;F
615;12371;Lance;M
578;12373;Jeff;M
582;12374;Patsy;F
625;12376;Diego;M
617;12377;Mariah;F
620;12378;Whitney;F
363;12379;Leo;M
358;12380;Vivian;F
492;12382;Destiny;F
369;12385;Oscar;M
383;12386;Jay;M
379;12387;Corey;M
376;12388;Brooke;F
374;12389;Jeremiah;M
563;12391;Marissa;F
375;12392;Dana;F
378;12393;Amelia;F
360;12395;Aiden;M
634;12396;Allan;M
359;12399;Darlene;F
380;12400;June;F
357;12402;Eddie;M
486;12403;Mario;M
609;12404;Miriam;F
482;12406;Maureen;F
365;12408;Sally;F
619;12409;Brandi;F
622;12410;Josiah;M
381;12411;Owen;M
485;12412;Derrick;M
535;12413;Herman;M
584;12414;Gabriella;F
377;12415;Leroy;M
373;12416;Bernard;M
354;12417;Geraldine;F
616;12418;Mae;F
534;12419;Alejandro;M
527;12421;Katelyn;F
372;12422;Ray;M
368;12423;Gail;F
371;12424;Randall;M
468;12425;Pearl;F
418;12426;Roberta;F
455;12427;Landon;M
483;12429;Brent;M
355;12431;Rhonda;F
573;12433;Isabel;F
382;12434;Claire;F
480;12435;Jim;M
304;12437;April;F
561;12439;Gene;M
577;12440;Chester;M
346;12441;Connor;M
571;12443;Priscilla;F
533;12445;Jordan;F
487;12449;Nellie;F
529;12450;Sofia;F
621;12451;Jocelyn;F
519;12454;Clayton;M
562;12455;Sam;M
624;12457;Riley;F
623;12458;Everett;M
524;12459;Ivan;M
366;12460;Lucy;F
315;12466;Melvin;M
352;12467;Jayden;M
404;12468;Miguel;M
638;12469;Hector;M
627;12470;Cecil;M
389;12471;Tara;F
394;12472;Manuel;M
416;12474;Oliver;M
450;12475;Alvin;M
444;12476;Jeanne;F
422;12477;Colleen;F
441;12480;Naomi;F
424;12481;Mitchell;M
589;12482;Darren;M
588;12483;Miranda;F
513;12484;Melinda;F
593;12485;Preston;M
598;12486;Aidan;M
586;12487;Leslie;M
302;12490;Glenn;M
452;12492;Jenna;F
327;12494;Sherry;F
590;12495;Delores;F
523;12496;Franklin;M
407;12497;Elsie;F
434;12499;Jon;M
410;12500;Trevor;M
526;12503;Charlene;F
428;12504;Annette;F
557;12505;Alexa;F
525;12507;Xavier;M
514;12510;Tom;M
570;12511;Tonya;F
553;12514;Avery;F
427;12516;Jessie;F
445;12519;Darrell;M
303;12523;Marvin;M
411;12524;Stella;F
308;12525;Adrian;M
435;12527;Chase;M
331;12529;Herbert;M
420;12530;Lindsey;F
405;12531;Cassandra;F
388;12533;Renee;F
600;12537;Yolanda;F
536;12538;Mabel;F
517;12539;Joy;F
515;12540;Lena;F
522;12542;Cory;M
531;12543;Myrtle;F
528;12547;Francisco;M
348;12549;Julian;M
339;12553;Suzanne;F
530;12554;Garrett;M
520;12555;Maurice;M
516;12557;Tamara;F
337;12562;Wesley;M
558;12563;Jennie;F
317;12567;Sheila;F
419;12568;Savannah;F
521;12570;Gabrielle;F
336;12573;Liam;M
332;12575;Pauline;F
512;12576;Colin;M
306;12577;Erica;F
556;12578;Andre;M
431;12580;Stacy;F
612;12582;Katrina;F
309;12583;Theodore;M
550;12586;Claudia;F
611;12588;Carson;M
314;12589;Edwin;M
425;12590;Charlie;M
559;12591;Autumn;F
440;12592;Don;M
552;12594;Kaylee;F
443;12595;Hailey;F
320;12598;Leah;F
326;12599;Mia;F
392;12600;Debbie;F
451;12601;Beth;F
446;12605;Lloyd;M
518;12606;Faith;F
4033;12608;Frances;M
398;12609;Dean;M
396;12613;Lynn;F
301;12615;Rodney;M
343;12616;Troy;M
433;12619;Lydia;F
414;12621;Rosa;F
400;12623;Bernice;F
429;12625;Molly;F
599;12629;Brandy;F
607;12631;Joanna;F
432;12632;Laurie;F
437;12633;Bessie;F
350;12634;Holly;F
447;12635;Carter;M
347;12636;Isaiah;M
329;12637;Jesus;M
591;12638;Milton;M
592;12639;Duane;M
324;12643;Kristen;F
403;12644;Gavin;M
413;12645;Loretta;F
402;12647;Warren;M
399;12648;Kim;F
401;12649;Ronnie;M
335;12651;Ricky;M
448;12652;Jerome;M
639;12653;Arnold;M
338;12655;Thelma;F
328;12656;Angel;M
597;12661;Ruben;M
423;12662;Gordon;M
415;12663;Sydney;F
606;12664;Jimmie;M
412;12665;Gertrude;F
640;12666;Marsha;F
408;12668;Jo;F
316;12670;Sylvia;F
426;12671;Dominic;M
325;12672;Caroline;F
453;12673;Yvonne;F
555;12675;Tanya;F
595;12676;Reginald;M
310;12677;Alexandra;F
313;12678;Jackson;M
311;12681;Marcus;M
300;12682;Tony;M
312;12683;Alfred;M
345;12686;Anita;F
596;12687;Genevieve;F
341;12691;Morgan;F
322;12692;Lee;M
438;12693;Seth;M
340;12694;Lucille;F
318;12695;Alicia;F
610;12696;Natasha;F
430;12698;Cathy;F
449;12699;Erik;M
421;12701;Brett;M
406;12703;Regina;F
390;12705;Madeline;F
608;12706;Neil;M
397;12708;Blake;M
395;12709;Ida;F
409;12711;Tommy;M
393;12712;Eileen;F
307;12714;Ian;M
569;12717;Harvey;M
442;12720;Jeanette;F
334;12721;Veronica;F
330;12724;Dustin;M
554;12725;Elmer;M
323;12726;Jeffery;M
319;12727;Steve;M
344;12728;Chloe;F
439;12730;Kaitlyn;F
321;12731;Hunter;M
349;12733;Jared;M
342;12734;Joanne;F
333;12737;Michele;F
454;12738;Rosemary;F
605;12739;Carole;F
351;12741;Lorraine;F
604;12742;Roberto;M
635;12744;Bethany;F
2683;12745;Mckinley;F
912;12746;Annabelle;F
821;12747;Virgil;M
706;12748;Lola;F
3206;12749;Mathilda;F
645;12751;Toni;F
474;12755;Levi;M
456;12758;Bill;M
489;12759;Kristina;F
506;12760;Clyde;M
505;12761;Carmen;F
479;12763;Lewis;M
494;12765;Paige;F
472;12766;Kelsey;F
644;12767;Hayden;M
643;12768;Makayla;F
476;12770;Floyd;M
466;12771;Georgia;F
463;12773;Minnie;F
502;12774;Daisy;F
509;12775;Constance;F
461;12776;Agnes;F
3508;12777;Kaylah;F
498;12778;Willie;F
511;12779;Wilma;F
499;12780;Arlene;F
465;12782;Devin;M
464;12784;Sebastian;M
457;12785;Haley;F
497;12786;Violet;F
507;12787;Marian;F
503;12788;Sabrina;F
490;12789;Shelby;F
508;12790;Vera;F
496;12791;Marc;M
459;12792;Wyatt;M
473;12793;Lillie;F
495;12796;Chris;M
471;12797;Max;M
478;12798;Edgar;M
477;12799;Carla;F
460;12800;Micheal;M
594;12801;Kylie;F
501;12802;Cole;M
510;12803;Deanna;F
504;12804;Ricardo;M
493;12805;Vernon;M
500;12806;Sue;F
601;12807;Maxine;F
467;12808;Stacey;F
462;12809;Gina;F
475;12810;Lily;F
469;12811;Vicki;F
491;12813;Terri;F
585;12817;Taylor;M
3505;12819;Pearline;F
722;12820;Becky;F
2465;12821;Maliyah;F
1657;12823;Doug;M
2125;12825;Wendi;F
1294;12826;Lenora;F
2984;12829;Mazie;F
3483;12831;Nannette;F
224;12835;Shannon;F
78;12836;Amy;F
2840;12837;Marlys;F
2622;12838;Marquise;M
788;12839;Mamie;F
1724;12840;Elyse;F
3219;12841;Eryn;F
107;12842;Evelyn;F
1108;12843;Lorena;F
2615;12844;Kason;M
1606;12846;Emiliano;M
4214;12847;Rian;M
1707;12848;Madalyn;F
2649;12849;Maegan;F
3587;12850;Ramsey;M
3427;12851;Mickey;F
1744;12853;Leonel;M
1072;12854;Grady;M
4062;12855;Albina;F
1579;12857;Jean;M
1605;12858;Rolando;M
3502;12859;Nicolle;F
1450;12860;Jayce;M
2391;12861;Ciera;F
3336;12862;Lars;M
2675;12863;Jadon;M
3270;12864;Bryn;F
583;12865;Tristan;M
364;12866;Juanita;F
1257;12867;Janine;F
4161;12868;Enrico;M
1625;12869;Jarrett;M
2325;12870;Amina;F
3633;12871;Emmaline;F
292;12872;Norman;M
1620;12873;Waylon;M
362;12874;Shane;M
1404;12875;Quinton;M
361;12876;Calvin;M
1468;12877;Louie;M
2801;12880;Dottie;F
4248;12887;Shiela;F
3298;12889;Dereck;M
4219;12890;Unnamed;M
1904;12891;Danica;F
4108;12892;Shad;M
2798;12894;Magdalene;F
940;12896;Kirsten;F
3050;12897;Jaelynn;F
1898;12898;Prince;M
3947;12899;Cailyn;F
3854;12900;Callen;M
3782;12903;Syble;F
1593;12905;Tamika;F
1965;12907;Casandra;F
2263;12908;Dallas;F
1968;12909;Damion;M
2361;12910;Celine;F
2957;12911;Anabelle;F
36;12913;Dorothy;F
4086;12914;Lyda;F
2682;12915;Richard;F
1546;12916;Eldon;M
973;12917;Vicky;F
2293;12918;Archer;M
1168;12920;Etta;F
67;12921;Scott;M
2799;12923;Liz;F
952;12924;Liliana;F
2626;12925;Heriberto;M
1160;12926;Axel;M
4132;12927;Keara;F
2992;12928;Starla;F
24;12931;Andrew;M
1795;12932;Emely;F
1037;12933;Josue;M
210;12934;Louise;F
2505;12935;Pansy;F
262;12937;Clara;F
1411;12939;Guillermo;M
1193;12941;Pat;F
4380;12942;Myrtie;F
2515;12943;Lucian;M
1931;12945;Kobe;M
3667;12946;Malaya;F
4347;12947;Ethelyn;F
152;12948;Lillian;F
264;12949;Joel;M
1392;12951;Savanna;F
3200;12953;Leandro;M
2173;12954;Jena;F
1217;12956;Ora;F
1064;12957;Elliott;M
2722;12958;Oma;F
1398;12959;Lorna;F
1871;12960;Elissa;F
4306;12961;Shreya;F
3217;12963;Yaritza;F
3665;12964;Kandi;F
4247;12967;Karri;F
2550;12969;Rosario;F
686;12970;Tracey;F
1218;12971;Bonita;F
1873;12972;Juana;F
3948;12973;Jacquelynn;F
2860;12974;Annetta;F
733;12975;Susie;F
1827;12976;Ophelia;F
3254;12977;Stormy;F
998;12978;Ivy;F
602;12979;Aubrey;F
131;12980;Megan;F
2512;12982;Domenic;M
2580;12983;Ali;F
1517;12986;Jenifer;F
1500;12987;Adan;M
1017;12989;Easton;M
2390;12990;Marquita;F
4185;12991;Giles;M
1174;12992;Stacie;F
1896;12993;Ned;M
4320;12996;Boris;M
1282;12997;Demetrius;M
1964;12998;Nona;F
1176;13000;Stefanie;F
254;13001;Mason;M
3702;13002;Waldo;M
1180;13004;Delilah;F
3510;13005;Amberly;F
2742;13007;Bud;M
1254;13008;Leanne;F
1745;13009;Kurtis;M
2019;13010;Mohamed;M
4358;13011;Audrianna;F
2639;13012;Elmo;M
1138;13013;Dixie;F
3715;13014;Carolann;F
2546;13015;Karlie;F
2024;13018;Tiffani;F
779;13019;Trinity;F
1895;13020;Tommie;F
714;13021;Cooper;M
367;13022;Bertha;F
3157;13023;Kayleen;F
2729;13024;Jacques;M
856;13025;Jonah;M
1106;13026;Dante;M
1501;13027;Willa;F
3194;13029;Ashely;F
4374;13030;Evan;F
2944;13031;Estela;F
3497;13032;Azalea;F
3766;13033;Kortney;F
4077;13034;Ariyah;F
3748;13035;Garfield;M
1547;13036;Audra;F
274;13037;Marjorie;F
1284;13039;Eden;F
2669;13041;Laci;F
836;13042;Giovanni;M
1381;13044;Percy;M
3378;13045;Vikki;F
3513;13046;Corrina;F
1228;13047;Lucinda;F
1629;13048;Camilla;F
4078;13049;Kamilah;F
1204;13050;Irvin;M
2389;13051;Luciano;M
1953;13052;Coy;M
2354;13053;Morton;M
1602;13054;Deana;F
3765;13055;Sloan;F
2967;13056;Livia;F
2237;13057;Jaden;F
2417;13059;Jadyn;F
3409;13063;Alexzander;M
2641;13064;Chantal;F
3014;13065;Newton;M
3575;13067;Leatha;F
3058;13069;Abril;F
150;13070;Mildred;F
2453;13071;Racheal;F
3652;13073;Leonor;F
1231;13074;Paisley;F
3507;13076;Makena;F
1060;13077;Rochelle;F
1;13078;John;M
3904;13079;Sydni;F
2492;13080;Devonte;M
891;13081;Gayle;F
1330;13082;Darin;M
3805;13083;Cody;F
3355;13084;Lucie;F
0;13085;James;M
4259;13086;Malika;F
1126;13087;Addie;F
3906;13088;Wynter;F
189;13089;Wayne;M
3341;13090;Shameka;F
869;13091;Luther;M
1794;13092;Sage;F
650;13093;Johnnie;M
4188;13094;Fisher;M
4138;13096;Jai;M
61;13097;Justin;M
2318;13100;Lilia;F
1631;13101;Charley;M
2726;13102;Samson;M
2774;13103;Linnea;F
1976;13104;Itzel;F
3676;13105;Katia;F
3952;13106;Elvera;F
932;13107;Gage;M
3692;13108;Tanesha;F
2959;13109;Simeon;M
77;13110;Kathleen;F
1319;13111;Chelsey;F
925;13112;Cassidy;F
2376;13113;Ashly;F
941;13114;Asher;M
1884;13115;Lorrie;F
2347;13117;Stevie;M
3637;13118;Rayne;F
1781;13119;Baylee;F
3153;13123;Korbin;M
4243;13124;Alethea;F
3191;13125;Katerina;F
2038;13126;Kaydence;F
2244;13128;Tameka;F
3151;13129;Valorie;F
1782;13131;Vicente;M
3501;13133;Brigid;F
3916;13134;Shara;F
3361;13135;Channing;M
921;13136;Josie;F
3299;13137;Monserrat;F
4109;13138;Rylan;F
3650;13139;Shae;F
3362;13140;Bodhi;M
965;13141;Arturo;M
2703;13143;Anabel;F
3742;13144;Lucio;M
2569;13145;Gianni;M
834;13148;Elise;F
2250;13150;Marlee;F
2277;13151;Brittani;F
1430;13152;Randal;M
296;13154;Antonio;M
3356;13155;Samira;F
1693;13156;Rosalyn;F
2128;13157;Odell;M
4205;13158;Elizebeth;F
3310;13161;Lucero;F
683;13162;Angelica;F
1934;13163;Joselyn;F
1798;13164;Dollie;F
3956;13165;Langston;M
3943;13166;Jennifer;M
4174;13167;Emani;F
3068;13168;Mose;M
2900;13169;Tyrese;M
4092;13172;Zina;F
1012;13173;Rylee;F
697;13174;Candace;F
661;13175;Angel;F
3751;13177;Ardith;F
1241;13178;Mariana;F
2414;13179;Kaylyn;F
2499;13180;Fidel;M
4281;13181;Alida;F
2191;13183;Delmar;M
2332;13187;Chaya;F
806;13190;Cesar;M
1920;13191;Cathryn;F
1533;13192;Ximena;F
3858;13194;Shaniqua;F
3936;13195;Lavinia;F
2433;13196;Trace;M
2487;13197;Emmitt;M
3708;13198;Aretha;F
707;13199;Ross;M
2101;13201;Lilah;F
944;13202;Avery;M
1277;13203;Tammie;F
899;13204;Alberto;M
3609;13205;Karolyn;F
825;13206;Robyn;F
2456;13207;Johan;M
241;13208;Dawn;F
1558;13209;Chasity;F
771;13211;Shelley;F
2849;13213;Elda;F
2056;13214;Carlene;F
4063;13215;Racquel;F
1940;13217;Anya;F
2424;13219;Kamila;F
2792;13220;Griselda;F
2771;13222;Evangelina;F
1821;13223;River;M
1262;13225;London;F
4152;13226;Alexander;F
2249;13230;Adriel;M
3038;13231;Jeana;F
1440;13233;Paris;F
813;13234;Erick;M
4209;13237;Cassondra;F
2667;13238;Lon;M
3296;13239;Juniper;F
1986;13240;Lyric;F
3960;13241;Kylah;F
1789;13242;Jayda;F
2239;13243;Aurelia;F
3725;13245;Orrin;M
3189;13246;Rikki;F
1549;13249;Blanca;F
3297;13250;Socorro;F
4053;13251;Konnor;M
2302;13252;Keely;F
1346;13253;Willow;F
4319;13254;Janeth;F
3244;13255;Vernell;F
3677;13257;Koby;M
4087;13258;Lesley;M
1383;13259;Zackary;M
2556;13262;Renata;F
3957;13263;Jewel;M
3613;13264;Brandt;M
1267;13266;Corbin;M
841;13267;Sonia;F
137;13269;Lawrence;M
4379;13270;Mallorie;F
3999;13274;Evonne;F
2220;13275;Hiram;M
2112;13276;Colten;M
3097;13277;Ronnie;F
2478;13278;Dirk;M
2083;13280;Alphonso;M
2643;13281;Phoenix;F
4029;13282;Eleazar;M
2156;13283;Kris;M
2324;13285;Mckayla;F
2563;13286;Lucretia;F
1334;13287;Antonia;F
1810;13288;Nyla;F
1232;13289;Gustavo;M
3641;13290;Latricia;F
1816;13291;Claudette;F
3179;13292;Yessenia;F
14;13293;Elizabeth;F
2053;13294;Braylon;M
2776;13295;Uriah;M
2772;13296;Stacia;F
3065;13297;Napoleon;M
3158;13299;Emmie;F
2807;13300;Enid;F
3176;13302;Jedidiah;M
4091;13303;Wally;M
1770;13304;Perla;F
2168;13305;Tyree;M
3759;13306;Marcello;M
2635;13307;Sawyer;F
2591;13308;Gonzalo;M
4165;13309;Antonella;F
4059;13310;Avah;F
3539;13312;Cinthia;F
172;13313;Louis;M
1494;13315;Ingrid;F
2160;13316;Amari;F
1101;13317;Morgan;M
772;13319;Nelson;M
3417;13320;Haywood;M
2881;13324;Kaliyah;F
3730;13326;Isadore;M
1310;13327;Lucile;F
698;13329;Hope;F
1950;13330;Zelma;F
4065;13331;Campbell;M
1913;13333;Tyler;F
1981;13334;Marianna;F
3089;13335;Stanford;M
3032;13337;Dani;F
1347;13338;Maddox;M
1947;13340;Carmen;M
2732;13342;Shirley;M
2594;13346;Ansley;F
4194;13353;Gareth;M
2281;13357;Seymour;M
4046;13359;Marvel;F
1373;13360;Fay;F
2425;13361;Chana;F
3811;13362;Annelise;F
3993;13363;Cydney;F
4158;13365;Jeramy;M
3735;13367;Mariyah;F
3827;13368;Emory;F
4381;13369;Carrol;F
4360;13370;Dwaine;M
2223;13371;Osvaldo;M
751;13373;Harper;F
3558;13374;Jagger;M
3593;13375;Ayesha;F
2065;13377;Luann;F
3843;13378;Milena;F
3710;13380;Elden;M
88;13381;Katherine;F
855;13382;Genesis;F
3047;13383;Boston;M
3309;13384;Priya;F
3656;13386;Rayan;M
3902;13387;Tye;M
2531;13388;Ivette;F
1674;13392;Nia;F
846;13393;Cheyenne;F
31;13394;Kevin;M
3862;13395;Farah;F
1499;13397;Imogene;F
3564;13398;Bryana;F
3220;13399;Tory;M
2724;13400;Lanny;M
2329;13401;Justina;F
2872;13402;Allene;F
1238;13403;Lesley;F
1200;13405;Aliyah;F
2225;13406;Chadwick;M
1865;13407;Paulina;F
297;13408;Jasmine;F
2328;13409;Myla;F
888;13410;Bella;F
2385;13412;Erich;M
1532;13413;Ed;M
914;13414;Donnie;M
1088;13415;Braden;M
236;13416;Clarence;M
1769;13417;Catalina;F
1071;13418;Leila;F
1840;13421;Kyleigh;F
3777;13423;Adella;F
3559;13424;Russ;M
2747;13425;Arely;F
980;13426;Shannon;M
1275;13427;Goldie;F
3231;13428;Gracelynn;F
1897;13431;Alyce;F
2455;13432;Cordelia;F
1409;13433;Darrin;M
1936;13434;Charmaine;F
3312;13435;Lavern;F
3020;13438;Dangelo;M
3180;13439;Raiden;M
3535;13440;Darcy;M
3737;13441;Talmadge;M
87;13442;Catherine;F
1673;13443;Lorie;F
3277;13444;Sherrill;F
2294;13445;Merrill;M
1833;13446;Bobbie;M
744;13448;Byron;M
2547;13450;Gregorio;M
2274;13451;Amiyah;F
3446;13452;Oakley;M
4054;13453;Rubie;F
2138;13454;Chelsie;F
939;13455;Aimee;F
157;13457;Terry;M
4201;13458;Brandon;F
1591;13459;Bridgette;F
2589;13461;Sandi;F
1137;13462;Pete;M
3888;13463;Ilana;F
2258;13464;Messiah;M
2698;13465;Zechariah;M
2268;13466;Augustine;M
243;13468;Edna;F
1975;13469;Earline;F
2931;13472;Lizeth;F
1215;13473;Sheldon;M
3335;13474;Frida;F
2084;13476;Rosanna;F
1572;13477;Leann;F
1682;13478;Viviana;F
3429;13479;Denisse;F
1655;13480;Tonia;F
672;13481;Felicia;F
2279;13482;Maryellen;F
2161;13484;Karson;M
244;13485;Cameron;M
708;13487;Kate;F
1569;13488;Aniyah;F
1958;13490;Ainsley;F
786;13491;Greg;M
805;13495;Marco;M
1765;13497;Louisa;F
982;13498;Colby;M
4070;13500;Norberto;M
618;13501;Vickie;F
3003;13502;Sydnee;F
1872;13503;Jamison;M
3496;13506;Leander;M
2102;13508;Evie;F
3272;13509;Connie;M
1158;13510;Alonzo;M
1689;13511;Roscoe;M
2715;13512;Celestine;F
1948;13513;Uriel;M
1598;13514;Courtney;M
2089;13515;Bryon;M
3898;13516;Bambi;F
3612;13519;Edgardo;M
614;13520;Glenda;F
4056;13523;Fran;F
51;13526;Gary;M
1523;13527;Kailey;F
1611;13528;Isiah;M
2201;13530;Weldon;M
258;13531;Luke;M
3211;13534;Dee;M
4051;13535;Zaniyah;F
3536;13537;Teena;F
1708;13538;Emerson;F
2657;13539;Chaz;M
1935;13540;Nicolette;F
2826;13541;Mackenzie;M
1049;13542;Carlton;M
1527;13543;Luz;F
2088;13544;Jayme;F
46;13545;Jacob;M
3824;13546;Makai;M
4010;13547;Ayaan;M
3453;13548;Fritz;M
4213;13549;Lucious;M
4255;13550;Cristin;F
1811;13551;Annmarie;F
1919;13552;Brandie;F
1713;13553;Kaylie;F
3574;13554;Noor;F
1492;13555;Simone;F
3680;13556;Lisbeth;F
926;13557;Gerard;M
3048;13559;Zuri;F
2014;13561;Maximilian;M
1442;13562;Alyson;F
140;13564;Doris;F
3974;13565;Lianna;F
2164;13566;Muhammad;M
3074;13567;Ona;F
3783;13569;Jordy;M
877;13571;Alexis;M
2188;13573;Nigel;M
3966;13574;Yisroel;M
902;13576;Julio;M
1170;13577;Sonja;F
3998;13578;Sydnie;F
1900;13579;Abram;M
4030;13580;Windy;F
3945;13581;Cambria;F
2430;13582;Cherry;F
1658;13583;Monte;M
1700;13584;Elma;F
86;13585;Emma;F
3075;13586;Alyse;F
1841;13587;Nayeli;F
731;13589;Sherri;F
62;13590;Laura;F
1166;13591;Griffin;M
2044;13593;Lynnette;F
1364;13594;Jody;M
2058;13595;Anahi;F
4047;13597;Tyshawn;M
2000;13598;Phoenix;M
42;13599;Karen;F
2205;13600;Estrella;F
3035;13601;Germaine;F
2917;13602;Doretha;F
1916;13604;Reese;M
2820;13605;Nakia;F
4050;13607;Paityn;F
3087;13608;Rubi;F
2620;13609;Johnna;F
1350;13610;Ken;M
196;13611;Ruby;F
2218;13612;Mitchel;M
1883;13613;Krystle;F
2963;13614;Kash;M
1646;13615;Lenore;F
1465;13616;Zachariah;M
3337;13617;Shay;F
1721;13619;Johnie;M
3160;13620;Dandre;M
1415;13622;Katelynn;F
134;13623;Ann;F
4200;13624;Maxie;M
2593;13625;Benson;M
4305;13626;Jeane;F
2154;13627;Felicity;F
1695;13628;Noe;M
1815;13629;Valarie;F
2459;13632;Florine;F
2544;13633;Robby;M
1394;13634;Reuben;M
5;13635;Mary;F
3666;13639;Lovie;F
2466;13640;Kacey;F
720;13641;Dakota;M
3718;13642;Mai;F
873;13643;Jada;F
4097;13646;Donell;M
2535;13647;Carmelo;M
104;13648;Nathan;M
3171;13649;Olen;M
1582;13650;Landen;M
4267;13651;Vergie;F
1992;13652;Kaleigh;F
3370;13653;Kaylen;F
135;13654;Julia;F
2640;13655;Chastity;F
2609;13656;Christopher;F
1747;13658;Jase;M
1879;13659;Josh;M
4093;13660;Aditya;M
2541;13661;Sandy;M
1918;13662;Al;M
2047;13663;Forest;M
1608;13664;Cruz;M
3290;13665;Nelly;F
651;13666;Dianne;F
1089;13668;Ginger;F
4017;13669;Patricia;M
4133;13671;Brian;F
946;13672;Dominique;F
3712;13674;Oswaldo;M
2405;13676;Iona;F
3214;13677;Berta;F
705;13679;Damian;M
685;13680;Bridget;F
3506;13683;Sharonda;F
2369;13684;Giovanna;F
4072;13686;Gavyn;M
3647;13687;Vickey;F
2193;13688;Arya;F
3595;13689;Lauren;M
4118;13691;Evelina;F
3883;13692;Mahlon;M
798;13693;Devon;M
693;13694;Brady;M
2767;13695;Marcelo;M
1419;13696;Clare;F
1617;13698;Lexi;F
2978;13699;Giana;F
1752;13700;Elwood;M
3573;13701;Jocelynn;F
3584;13702;Zion;F
3927;13703;Salena;F
2333;13705;Shaina;F
2286;13706;Nash;M
3107;13707;Candi;F
1400;13709;Shauna;F
2451;13710;Brycen;M
75;13711;Gregory;M
2475;13712;Demetria;F
2723;13713;Fanny;F
3476;13714;Alba;F
2175;13715;Stacey;M
3384;13717;Sharla;F
2817;13719;Georgianna;F
4131;13721;Eugenio;M
2057;13722;Beckett;M
2463;13723;Millicent;F
2187;13724;Tammi;F
961;13727;Hayley;F
988;13728;Kerry;F
1560;13729;Frieda;F
695;13733;Nicolas;M
2548;13734;Freida;F
1120;13735;Alexia;F
741;13736;Lula;F
4115;13738;Gil;M
3164;13739;Anthony;F
149;13740;Hannah;F
3039;13745;Abner;M
3951;13746;Louann;F
3813;13747;Harland;M
97;13748;Jerry;M
1370;13749;Lea;F
2439;13750;Dessie;F
3163;13752;Jerold;M
204;13753;Alexis;F
3661;13754;Missy;F
1205;13756;Lorene;F
1715;13757;Brendon;M
8;13758;Richard;M
2618;13760;Atticus;M
1922;13761;Asa;M
1390;13762;Dina;F
3694;13763;Nichelle;F
2108;13764;Tyra;F
1970;13765;Rickie;M
3334;13766;Ephraim;M
13;13767;Matthew;M
43;13768;Nancy;F
1234;13769;Mckenna;F
976;13770;Gretchen;F
1985;13771;Cristal;F
1956;13772;Coleman;M
1894;13773;Belle;F
2658;13775;Mathias;M
1610;13776;India;F
112;13777;Zachary;M
2865;13778;Jaylene;F
3226;13779;Nikole;F
4022;13780;Glynn;M
1311;13781;Tommie;M
757;13782;Krista;F
1735;13783;Tristen;M
3548;13784;Myrtis;F
3499;13785;Karon;F
259;13786;Dale;M
1432;13787;Carissa;F
3287;13788;Rubye;F
4202;13789;Arnoldo;M
3841;13792;Elizabeth;M
2046;13793;Rhiannon;F
3029;13794;Raymon;M
2183;13795;Concetta;F
3318;13796;Jacky;M
2037;13797;Donte;M
904;13798;Abby;F
2098;13799;Truman;M
201;13800;Vincent;M
1860;13802;Saundra;F
2410;13803;Maudie;F
3668;13804;Atlas;M
673;13807;Maxwell;M
566;13809;Eli;M
391;13813;Barry;M
436;13814;Leon;M
417;13815;Chelsea;F
3770;13818;Stephani;F
93;13819;Tyler;M
1639;13820;Jimmie;F
1335;13821;Solomon;M
1202;13823;Eliana;F
2186;13824;Melva;F
975;13825;Alec;M
3875;13829;Riya;F
2736;13830;Aleena;F
1026;13831;Emanuel;M
3851;13832;Dock;M
4037;13833;Magaly;F
1286;13834;Ciara;F
2064;13835;Harris;M
3937;13836;Caesar;M
2743;13838;Benton;M
3381;13839;Terese;F
3917;13840;Delvin;M
1875;13842;Kenzie;F
4284;13843;Leana;F
4096;13846;Shirlene;F
1314;13847;Dakota;F
986;13848;Kellie;F
2316;13849;Theron;M
1653;13851;Latonya;F
2470;13852;Ace;M
1375;13854;Marty;M
907;13855;Kaitlin;F
2403;13856;Miley;F
2816;13857;Brylee;F
3156;13859;Nicky;M
3142;13861;Lashawn;F
4186;13862;Kendell;M
2617;13863;Edison;M
4226;13864;Carin;F
1464;13869;Zion;M
1767;13870;Terrie;F
1317;13871;Dewey;M
936;13872;Janelle;F
2052;13873;Markus;M
1078;13874;Meagan;F
1266;13875;Keegan;M
1486;13877;Jarrod;M
2529;13878;Coral;F
2071;13879;Cohen;M
2897;13880;Federico;M
2077;13881;Jaqueline;F
920;13883;Juliana;F
3463;13884;Violeta;F
2794;13888;Jaida;F
1538;13889;Logan;F
776;13890;Kelli;F
2730;13891;Valentin;M
2791;13892;Cliff;M
238;13895;Elijah;M
2300;13896;Donny;M
1676;13897;John;F
3973;13898;Hayleigh;F
2323;13900;Karlee;F
1341;13901;Matilda;F
481;13902;Nora;F
4094;13903;Geralyn;F
802;13905;Stuart;M
4000;13906;Anisa;F
1458;13907;Haylee;F
3207;13909;Kinsey;F
3608;13910;Harper;M
2033;13911;Dayna;F
3826;13912;Nya;F
3276;13913;Aletha;F
887;13915;Kari;F
17;13916;Anthony;M
484;13919;Heidi;F
2899;13920;Jaydon;M
1301;13921;Phoebe;F
3471;13922;Akira;F
3663;13927;Joi;F
1428;13929;Doyle;M
206;13931;Fred;M
1989;13935;William;F
3941;13936;Latonia;F
4052;13937;Brandyn;M
2450;13939;Rigoberto;M
1255;13941;Fern;F
3124;13942;Lenny;M
2768;13943;Jaylon;M
1973;13944;Janna;F
3411;13945;Kamron;M
653;13946;Kendra;F
663;13948;Omar;M
1224;13952;Ervin;M
1074;13953;Lynette;F
4335;13955;Lavada;F
1914;13957;Santos;M
719;13958;Desiree;F
3252;13959;Alysa;F
4168;13961;Westin;M
3682;13962;Nathalia;F
2590;13963;Marva;F
3752;13964;Merritt;M
1351;13965;Quinn;F
3685;13966;Aarav;M
4113;13967;Teagan;M
3835;13968;Jamarcus;M
2321;13969;Aida;F
3654;13970;Pennie;F
1584;13971;Gael;M
2733;13974;Omari;M
1705;13975;Maddison;F
1788;13976;Adalynn;F
3969;13977;Ayleen;F
200;13979;Kayla;F
1928;13980;Suzette;F
3918;13981;Marlen;F
1512;13982;Nell;F
967;13983;Jan;F
804;13984;Rosalie;F
1791;13985;Kelsie;F
4081;13987;Vilma;F
2304;13988;Kacie;F
2883;13989;Alva;F
3485;13992;Darian;F
221;13993;Phyllis;F
1302;13995;Mayra;F
4098;13996;Brain;M
2991;13997;Malakai;M
2784;13998;Abe;M
718;13999;Geneva;F
113;14000;Carolyn;F
3344;14001;Marlyn;F
787;14003;Emmanuel;M
3681;14004;Reyes;M
1979;14006;Kermit;M
3240;14007;Daleyza;F
3722;14008;Lizabeth;F
3491;14009;Chanda;F
2863;14010;Tracey;M
2500;14011;Rosalee;F
845;14013;Ramona;F
2775;14014;Philomena;F
386;14016;Clifford;M
2818;14017;Paris;M
2075;14018;Quintin;M
3155;14020;Charleen;F
2630;14021;Karrie;F
3376;14022;Brittni;F
4169;14024;Jaci;F
2711;14025;German;M
2309;14026;Luisa;F
2974;14028;Aja;F
63;14030;Ruth;F
261;14031;Paula;F
1144;14032;Sammy;M
2939;14033;Elana;F
2449;14035;Hana;F
800;14037;Terrence;M
1727;14038;Noreen;F
2790;14039;Andria;F
34;14040;Susan;F
1163;14042;Tucker;M
1023;14043;Marisa;F
1561;14044;Emerson;M
1372;14045;Brooklynn;F
1686;14047;Zander;M
4265;14048;Hilario;M
2440;14049;Tayler;F
220;14051;Travis;M
4170;14052;Jessy;M
3377;14053;Jessi;F
1247;14055;Helena;F
239;14057;Leonard;M
3141;14058;Velda;F
2172;14060;Ezequiel;M
102;14061;Pamela;F
1022;14062;Bryant;M
890;14063;Maryann;F
1525;14064;Brenden;M
3739;14065;Jemma;F
1663;14068;Bailey;M
2909;14069;Stephon;M
1554;14070;Marley;F
1804;14072;Gus;M
2348;14074;Zella;F
3080;14075;Garrison;M
4129;14077;Rylee;M
2370;14078;Brodie;M
1613;14079;Brantley;M
182;14080;Jane;F
1041;14081;Sallie;F
4164;14082;Austyn;M
1297;14083;Kendall;M
3245;14084;Kylan;M
885;14085;Lynne;F
3489;14086;Zahra;F
694;14087;Guy;M
3876;14088;Rosendo;M
1393;14091;Elva;F
1256;14092;Tori;F
3635;14094;Jair;M
1273;14095;Jameson;M
2069;14097;Reyna;F
1005;14099;Mable;F
2364;14101;Kailee;F
1825;14103;Araceli;F
2923;14104;Francesco;M
1313;14105;Drake;M
174;14106;Bruce;M
972;14107;Jaclyn;F
103;14108;Frances;F
6;14110;David;M
1289;14112;Athena;F
792;14113;Bianca;F
2509;14114;Antony;M
1803;14115;Scotty;M
3781;14118;Charisse;F
1321;14119;Amos;M
3764;14120;Shamika;F
177;14122;Billy;M
778;14123;Jackie;M
3604;14126;Anabella;F
3800;14127;Deshaun;M
2966;14128;Marcela;F
2749;14129;Rico;M
1096;14130;Mona;F
2021;14131;Graciela;F
742;14133;Iris;F
991;14134;Payton;F
109;14135;Alice;F
850;14136;Jace;M
1420;14137;Darrel;M
3062;14139;Madalynn;F
2059;14142;Jeffry;M
3382;14144;Arlie;M
2472;14145;Jaron;M
1427;14146;Cathleen;F
2152;14147;Princess;F
3940;14148;Laron;M
1333;14151;Shawn;F
1901;14152;Marta;F
3398;14153;Donn;M
1421;14154;Luella;F
385;14156;Beatrice;F
2062;14157;Deshawn;M
229;14159;Bobby;M
1389;14160;Lionel;M
1109;14161;Will;M
3494;14163;Maisie;F
2290;14166;Lakisha;F
1633;14167;Emilee;F
2875;14168;Lorine;F
3600;14169;Brigette;F
4127;14170;Estefany;F
966;14171;Cristina;F
2100;14172;Ari;M
954;14173;Salvatore;M
2280;14175;Amalia;F
4276;14176;Denisha;F
2001;14177;Kinley;F
3012;14180;Miah;F
2893;14181;Broderick;M
2601;14182;Merry;F
3406;14183;Annalee;F
2087;14186;Kieran;M
3444;14187;Adriane;F
4193;14189;Cataleya;F
1808;14190;Marcel;M
1059;14191;Peyton;M
4206;14192;Delton;M
4112;14193;Mellisa;F
1046;14194;Forrest;M
2204;14195;Lorelei;F
3979;14197;Mordechai;M
1342;14198;Tracie;F
3143;14199;Juliann;F
2434;14200;Valencia;F
2688;14201;Madonna;F
2313;14202;Anaya;F
4104;14203;Carleton;M
167;14204;Amber;F
2105;14205;Karyn;F
4048;14206;Arian;M
1515;14207;Pat;M
2960;14208;Fredric;M
843;14209;Opal;F
1353;14210;Jamal;M
955;14211;Cara;F
3585;14212;Kristan;F
4032;14213;Noa;F
852;14215;Leonardo;M
3944;14216;Regis;M
3168;14217;Marilee;F
3349;14219;Alexandro;M
2837;14220;Maurine;F
649;14221;Billie;F
3042;14224;Cecily;F
1416;14225;Jodie;F
3632;14226;Lennox;M
1764;14227;Romeo;M
3028;14228;Belva;F
3452;14229;Carolynn;F
3009;14230;Malaysia;F
3545;14231;Britton;M
2097;14233;Mariam;F
2398;14235;Dudley;M
3285;14236;Lonnie;F
2653;14237;George;F
712;14238;Bobbie;F
717;14239;Aaliyah;F
3834;14240;Cary;F
1417;14241;Aubrey;M
3435;14243;Lexus;F
1881;14244;Sonny;M
2968;14247;Marques;M
3229;14248;Dewitt;M
1659;14249;Loyd;M
4277;14252;Pricilla;F
2350;14253;Annalise;F
3716;14254;Walton;M
3037;14255;Orval;M
1434;14256;Rory;M
2030;14257;Deidre;F
294;14258;Melanie;F
3004;14260;Sherlyn;F
3836;14263;Kyree;M
2461;14264;Booker;M
630;14265;Meghan;F
3785;14266;Easter;F
937;14267;Serenity;F
3456;14268;Jerod;M
3636;14269;Hyman;M
4004;14271;Lanette;F
2728;14272;Milagros;F
1536;14274;Maverick;M
2496;14275;Blake;F
1885;14276;Arline;F
305;14277;Derek;M
3996;14278;Levon;M
1634;14279;Paola;F
4012;14281;Nyasia;F
1850;14282;Rusty;M
2833;14283;Jaliyah;F
1967;14284;Corina;F
895;14285;Olga;F
295;14286;Brianna;F
863;14290;Inez;F
942;14291;Hubert;M
39;14292;Helen;F
997;14293;Aria;F
4019;14294;Yousef;M
854;14295;Lorenzo;M
2806;14296;Holli;F
1083;14298;Piper;F
127;14299;Grace;F
1806;14301;Dona;F
108;14302;Jose;M
3700;14303;Shirlee;F
2822;14304;Dominik;M
1675;14306;Rene;F
819;14307;Ariel;F
2998;14308;Dax;M
2971;14309;Thad;M
3719;14310;Ashtyn;F
2854;14311;Jamaal;M
3291;14312;Marcelino;M
2331;14313;Charles;F
3750;14314;Nixon;M
2198;14315;Kourtney;F
2262;14316;Rebeca;F
3498;14318;Lavon;F
1063;14319;Elisabeth;F
1521;14320;Rosalind;F
3445;14321;Blanch;F
1891;14322;Madilyn;F
1447;14324;Branden;M
2829;14325;London;M
3137;14326;Raheem;M
1379;14327;Emil;M
3517;14328;Treasure;F
1250;14329;Cheri;F
2336;14330;Gino;M
3913;14332;Jovanni;M
2842;14334;Mac;M
893;14337;Sheri;F
3106;14338;Daquan;M
3776;14339;Claudio;M
40;14341;Ryan;M
3449;14342;Kai;F
1481;14343;Rocco;M
2297;14344;Liberty;F
3328;14346;Kennedy;M
209;14347;Tammy;F
3760;14350;Zakary;M
3740;14353;Kevin;F
2282;14355;Gussie;F
1615;14358;James;F
2756;14361;Ally;F
3540;14363;Giovanny;M
1619;14365;Colette;F
3190;14366;Peggie;F
1861;14369;Dulce;F
1685;14370;Devon;F
1155;14372;Tricia;F
3076;14374;Lissette;F
3078;14375;Moira;F
1578;14376;Larissa;F
2357;14378;Hank;M
3410;14379;Antwon;M
1612;14380;Anton;M
3544;14381;Maribeth;F
4181;14382;Myranda;F
3306;14384;Gabriel;F
1504;14388;Boyd;M
1045;14389;Cassie;F
3806;14390;Anjali;F
2777;14391;Josef;M
3721;14392;Andra;F
2870;14394;Kimber;F
2558;14395;Arlo;M
176;14396;Judy;F
3165;14398;Rivka;F
1718;14399;Tabatha;F
2236;14400;Bertie;F
1153;14401;Bennett;M
1987;14402;Augusta;F
2166;14403;Maia;F
1318;14404;Keri;F
4224;14405;Kaeden;M
807;14408;Ayden;M
2856;14409;Errol;M
3662;14410;Fawn;F
3816;14412;Oleta;F
1493;14413;Xander;M
4336;14414;Dominque;F
1242;14415;Britney;F
4210;14417;Erlinda;F
4260;14419;Iyanna;F
1460;14420;Joni;F
1455;14421;Angelique;F
1271;14422;Laila;F
1436;14423;Karin;F
132;14425;Joan;F
2076;14426;Elisha;F
2231;14427;Trevon;M
4040;14429;Avianna;F
2504;14430;Reina;F
1518;14431;Kinsley;F
3474;14433;Jackeline;F
3303;14435;Britany;F
2949;14436;Kianna;F
2713;14437;Suzanna;F
568;14439;Caitlin;F
146;14440;Keith;M
1469;14441;Talia;F
538;14442;Marcia;F
4301;14443;Trevin;M
3520;14444;Karsyn;F
3525;14445;Meta;F
4225;14446;Beverly;M
4088;14447;Margarett;F
3674;14449;Jenni;F
2479;14450;Lauri;F
1454;14451;Dick;M
3205;14452;Jamil;M
758;14454;Hilda;F
3333;14455;Ima;F
4288;14458;Jalynn;F
2003;14459;Carina;F
1220;14460;Mack;M
1474;14461;Cameron;F
3726;14462;Sherwood;M
3315;14463;Kamari;M
2283;14464;Marylou;F
1368;14465;Teddy;M
1130;14466;Carolina;F
156;14467;Ethan;M
746;14468;Casey;F
1652;14469;Finn;M
3753;14470;Nelle;F
811;14471;Wade;M
1491;14472;Kingston;M
2744;14474;Unknown;F
4007;14475;Hayward;M
1332;14477;Rodolfo;M
56;14478;Emily;F
767;14479;Rosie;F
1324;14480;Clint;M
1669;14481;Jefferson;M
3460;14482;Ardis;F
202;14483;Lori;F
1268;14484;Kim;M
2948;14486;Finnegan;M
4298;14487;Winford;M
2445;14489;Joe;F
3780;14490;Rayford;M
4351;14491;Kirstie;F
2400;14492;Deangelo;M
2120;14493;Tess;F
882;14494;Dominick;M
1892;14495;Gunner;M
2212;14496;Scot;M
1729;14497;Sammie;M
2989;14498;Donavan;M
3464;14499;Rashawn;M
977;14505;Leland;M
2564;14506;Tera;F
1038;14507;Roderick;M
3088;14508;Nikolai;M
3127;14509;Delmer;M
3675;14510;Menachem;M
826;14512;Clifton;M
2852;14513;Paloma;F
1116;14514;Jasper;M
2976;14515;Siena;F
3225;14516;Amiya;F
1058;14519;Orlando;M
3360;14521;Branson;M
1556;14522;Clarice;F
3910;14524;Meryl;F
1124;14525;Malik;M
4184;14526;Alora;F
143;14527;Gerald;M
1520;14530;Camryn;F
3412;14531;Bonny;F
1387;14532;Keira;F
2480;14533;Janiyah;F
2202;14534;Theo;M
1974;14535;Jax;M
2346;14537;Carlee;F
1580;14538;Margo;F
818;14540;Marion;M
1358;14541;Reese;F
69;14543;Stephanie;F
3462;14544;Whitney;M
1725;14545;Neva;F
761;14546;Rafael;M
768;14548;Elena;F
173;14549;Brittany;F
3397;14550;Elianna;F
1624;14551;Holden;M
2636;14552;Winfred;M
3257;14553;Leandra;F
1298;14555;Dexter;M
1503;14556;Anderson;M
82;14558;Jack;M
4179;14559;Anisha;F
119;14560;Julie;F
1758;14562;Lia;F
2633;14563;Kathi;F
537;14564;Jorge;M
3442;14565;Jazlynn;F
544;14566;Glen;M
547;14568;Jake;M
2532;14569;Alycia;F
3607;14570;Averi;F
3808;14571;Karie;F
2366;14572;Kasey;M
1382;14573;Fiona;F
815;14574;Beulah;F
3367;14575;Gerry;F
4359;14576;Renea;F
1065;14577;Kylee;F
3728;14579;Keshawn;M
3222;14580;Xzavier;M
3044;14581;Palmer;M
2373;14583;Tamia;F
1887;14584;Sharron;F
3912;14585;Donita;F
2760;14588;Starr;F
4361;14589;Aliah;F
830;14590;Kirk;M
956;14593;Muriel;F
4344;14594;Bradyn;M
1510;14595;Elvira;F
2287;14596;Kristal;F
3657;14597;Gwyneth;F
2836;14598;Gail;M
3264;14599;Ike;M
4157;14600;Dorotha;F
1932;14602;Raelynn;F
2210;14604;Tianna;F
892;14605;Tabitha;F
233;14606;Ernest;M
1186;14607;Skyler;M
752;14608;Summer;F
1783;14609;Aron;M
3234;14610;Nicola;F
2575;14611;Rowena;F
3931;14612;Soraya;F
1640;14613;Brianne;F
4227;14614;Tasia;F
3010;14615;Daxton;M
3001;14616;Hoyt;M
3920;14617;Judd;M
3021;14618;Bertram;M
3079;14619;Marcellus;M
68;14621;Melissa;F
2555;14623;Retha;F
2525;14624;Mandi;F
1087;14625;Jaxson;M
1027;14626;Alejandra;F
1086;14627;Loren;M
1576;14628;Kenya;F
3394;14630;Giovani;M
3373;14631;Stanton;M
2700;14634;Wilfredo;M
3526;14635;Princeton;M
1683;14637;Rodger;M
1867;14639;Amari;M
1539;14640;Timmy;M
1062;14643;Ashlee;F
269;14644;Ethel;F
2197;14645;Micaela;F
488;14646;Lindsay;F
3192;14647;Dorris;F
1019;14648;Edmund;M
1509;14649;Trudy;F
2685;14650;Dario;M
2234;14651;Demarcus;M
138;14653;Olivia;F
52;14654;Anna;F
2599;14655;Darien;M
2533;14656;Marisela;F
3697;14657;Abagail;F
271;14662;Wendy;F
3756;14663;Vladimir;M
2629;14665;Jovan;M
154;14667;Jesse;M
3589;14668;Jasmyn;F
161;14669;Austin;M
829;14670;Jaime;M
2853;14671;Kamden;M
1637;14672;Darcy;F
3991;14673;Tatum;M
3262;14674;Twyla;F
4196;14675;Yaakov;M
2159;14676;Aline;F
2621;14677;Kelsi;F
2746;14678;Alex;F
915;14679;Kendall;F
669;14680;Terry;F
1960;14681;Gemma;F
1750;14682;Kristian;M
2690;14683;Kaci;F
4176;14684;Celena;F
1098;14685;Mercedes;F
1907;14686;Elvis;M
2953;14687;Tylor;M
3512;14688;Andrea;M
3984;14690;Johnie;F
2437;14692;Cleo;M
3185;14693;Braiden;M
2444;14694;Izaiah;M
795;14695;Jaden;M
3857;14696;Jannette;F
3187;14699;Emerald;F
3386;14700;Felton;M
1552;14701;Nannie;F
1052;14702;Noel;M
2334;14704;Caryn;F
2413;14706;Twila;F
2779;14707;Berenice;F
3524;14708;Jovani;M
727;14709;Krystal;F
275;14710;Vanessa;F
3896;14712;Trinidad;M
290;14713;Hazel;F
1519;14714;Dewayne;M
1489;14715;Moises;M
3597;14716;Jalisa;F
754;14717;Dalton;M
3986;14718;Hakeem;M
4295;14721;Dusty;F
3379;14722;Milan;F
654;14723;Alexandria;F
2661;14724;Armani;M
3122;14725;Odin;M
1954;14726;Javon;M
3031;14727;Deonte;M
3955;14728;Shon;M
2306;14729;Yadira;F
943;14732;Dianna;F
4057;14733;Alda;F
2969;14734;Misael;M
656;14735;Bailey;F
3389;14736;Vanesa;F
4083;14737;Taniya;F
790;14738;Ramon;M
165;14739;Roy;M
1982;14740;Kaitlynn;F
3899;14741;Jerrie;F
3687;14742;Oralia;F
2624;14743;Margret;F
2825;14744;Kellan;M
2176;14745;Amara;F
3830;14746;Joellen;F
29;14748;Margaret;F
3414;14749;Natalya;F
280;14750;Eva;F
1125;14751;Mindy;F
3495;14753;Shaniya;F
1470;14754;Juliette;F
273;14755;Leslie;F
3814;14756;Boyce;M
2469;14758;Tevin;M
3601;14761;Prudence;F
2295;14762;Dara;F
844;14763;Nichole;F
2954;14766;Aiyana;F
3440;14767;Otha;M
1221;14769;Lizzie;F
1993;14770;Aldo;M
198;14771;Philip;M
2625;14773;Alonso;M
3159;14774;Karley;F
4356;14775;Reilly;M
3577;14776;Mellissa;F
4043;14777;Jaeden;M
3889;14781;Savana;F
1909;14783;Jeanie;F
4182;14784;Steven;F
2980;14786;Devyn;F
3454;14787;Caryl;F
2603;14788;Amani;F
1091;14790;Paulette;F
2508;14791;Vida;F
3118;14793;Zayne;M
3374;14794;Ivanna;F
1162;14796;Justine;F
3275;14797;Darion;M
2018;14798;Dee;F
129;14799;Albert;M
3690;14800;Graeme;M
3631;14802;Tenley;F
2358;14805;Janel;F
3638;14806;Jamir;M
2008;14807;Blair;F
2374;14809;Georgie;F
3771;14810;Shanta;F
4215;14811;Smith;M
2579;14812;Joslyn;F
2477;14813;Bo;M
2737;14814;Mckinley;M
934;14817;Earnest;M
2039;14818;Tierra;F
1323;14819;Jolene;F
1671;14820;Teagan;F
1692;14821;Robbie;M
3387;14822;Khalid;M
2184;14824;Hester;F
2454;14825;Leora;F
1422;14826;Merle;M
1828;14827;Lupe;F
796;14828;Belinda;F
3673;14829;Rihanna;F
110;14831;Janet;F
2261;14832;Marilynn;F
3322;14833;Laquita;F
4020;14834;Leisa;F
2443;14835;Claudine;F
1540;14837;Rhoda;F
199;14838;Annie;F
1338;14839;Lou;F
3100;14840;Cannon;M
192;14841;Crystal;F
3670;14843;Janay;F
2511;14844;Michel;M
2567;14845;Cherish;F
3798;14846;Gerri;F
2876;14847;Daniel;F
4036;14848;Yahaira;F
1386;14849;Billie;M
2847;14850;Maren;F
2255;14851;Georgette;F
2095;14852;Kory;M
2513;14853;Claud;M
1534;14854;Izabella;F
2473;14855;Dusty;M
2196;14857;Lessie;F
3279;14858;Carmelita;F
2941;14859;Charley;F
867;14861;Damon;M
911;14864;Damien;M
92;14865;Walter;M
3457;14866;Maximo;M
729;14867;Brad;M
3887;14868;Donavon;M
1229;14869;Bettie;F
1567;14870;Ryan;F
30;14871;Brian;M
2214;14872;Lakeisha;F
2209;14873;Maryanne;F
3117;14874;Elvia;F
3626;14875;Domonique;F
2911;14876;Cale;M
2106;14877;Agustin;M
1923;14878;Augustus;M
1548;14879;Kiana;F
2401;14882;Kennedi;F
1771;14884;Derick;M
3473;14885;Buck;M
1893;14890;Carey;M
3671;14891;Harlee;F
1467;14892;Royce;M
2426;14893;Earle;M
122;14894;Christina;F
211;14895;Florence;F
753;14896;Grayson;M
1209;14897;Khloe;F
270;14898;Nathaniel;M
4128;14899;Jevon;M
3202;14900;Taliyah;F
3323;14901;Ford;M
2950;14902;Omer;M
3797;14904;Shaquille;M
252;14905;Francis;M
3590;14906;Abigayle;F
931;14907;Lilly;F
3484;14908;Jakayla;F
1847;14909;Kimberlee;F
384;14911;Kristin;F
551;14912;Lester;M
3383;14913;Kandace;F
2514;14914;Mayme;F
203;14915;Howard;M
2429;14916;Vern;M
2592;14917;Luciana;F
2476;14918;Patience;F
3099;14919;Roma;F
2867;14920;Rod;M
3271;14922;Eboni;F
2165;14924;Tamera;F
889;14925;Cristian;M
2574;14926;Danette;F
4111;14927;Jaimee;F
2275;14928;Gena;F
3859;14929;Marquez;M
541;14930;Erika;F
548;14932;Mattie;F
545;14933;Viola;F
546;14934;Gilbert;M
540;14935;Marlene;F
542;14936;Zoe;F
543;14938;Mackenzie;F
539;14939;Grant;M
781;14940;Meredith;F
2755;14941;Antionette;F
995;14942;Eloise;F
1849;14943;Roxie;F
1878;14944;Devin;F
3950;14945;Jordyn;M
2314;14947;Ibrahim;M
1307;14949;Deloris;F
260;14952;Alex;M
3684;14953;Briley;F
1352;14954;Brennan;M
799;14955;Ted;M
3872;14956;Kalie;F
2086;14957;Mary;M
265;14958;Evan;M
655;14961;Sierra;F
2706;14962;Gisselle;F
3188;14963;Elroy;M
1196;14966;Alissa;F
249;14967;Todd;M
3504;14968;Maira;F
1348;14969;Helene;F
1842;14970;Emery;M
4282;14972;Samatha;F
3869;14975;Laylah;F
1139;14977;Kimberley;F
2654;14978;Belen;F
674;14979;Jenny;F
175;14980;Madison;F
3829;14981;Jessenia;F
2812;14982;Bree;F
1498;14983;Evangeline;F
1407;14984;Luca;M
1565;14986;Ramiro;M
181;14987;Eugene;M
2553;14988;Christiana;F
1863;14989;Justice;M
963;14990;Bernadette;F
3754;14991;Meg;F
3623;14992;Ronin;M
2884;14993;Jules;M
2342;14994;Brynlee;F
3405;14996;Travon;M
1938;14997;Chantel;F
2520;14998;Rohan;M
2628;14999;Jairo;M
4137;15001;Slade;M
1414;15002;Felipe;M
1589;15003;Elaina;F
57;15005;Amanda;F
3530;15006;Leone;F
2178;15008;Elle;F
3911;15011;Jacalyn;F
2780;15012;Astrid;F
1666;15013;Nikolas;M
1156;15015;Lela;F
3054;15016;Isidro;M
4375;15018;Ottis;M
4297;15020;Landry;M
3327;15021;Dortha;F
1684;15022;Katy;F
1726;15023;Nathanael;M
3823;15024;Edward;F
2846;15025;Kami;F
3568;15026;Carrol;M
2326;15027;Zara;F
4140;15028;Amia;F
2392;15029;Dayana;F
2080;15030;Rosalinda;F
884;15031;Angie;F
1029;15032;Tyson;M
2770;15034;Olin;M
4314;15037;Giavanna;F
3807;15038;Bronwyn;F
999;15039;Graham;M
3072;15040;Lilyana;F
3599;15041;Carroll;F
2610;15042;Alphonse;M
3134;15043;Jacey;F
1249;15044;Kyra;F
1441;15046;Eugenia;F
4372;15048;Yamilet;F
3408;15050;Aryan;M
60;15051;Donna;F
1252;15055;Rachelle;F
3213;15056;Hettie;F
728;15057;Raul;M
1971;15058;Shelby;M
736;15059;Zoey;F
38;15061;Ronald;M
2485;15062;Joseph;F
1331;15064;Chandler;M
3977;15065;Torrey;M
2503;15067;Enoch;M
2362;15068;Diann;F
1197;15070;Kerri;F
2824;15071;Erna;F
3416;15072;Aryana;F
1616;15073;Alanna;F
3469;15074;Addilyn;F
3201;15076;Vernice;F
987;15077;Estelle;F
658;15078;Penny;F
860;15079;Natalia;F
3301;15080;Jaunita;F
3113;15081;Sammie;F
1785;15082;Paxton;M
2068;15084;Ester;F
1003;15085;Gerardo;M
2307;15086;Kori;F
37;15091;Jason;M
3492;15092;Mittie;F
872;15093;Fredrick;M
2090;15094;Armand;M
1516;15095;Emilie;F
2718;15097;Adaline;F
1366;15100;Sterling;M
2666;15101;Isabela;F
3022;15102;Austen;M
2288;15105;Maryjane;F
3538;15107;Nathen;M
668;15109;Fernando;M
3390;15110;Harlow;F
2634;15111;Jaquan;M
2462;15112;Rhys;M
3873;15114;Kaylene;F
797;15115;Gracie;F
2200;15117;Domingo;M
2399;15122;Ashanti;F
2207;15123;Kaye;F
1999;15124;Jamar;M
2422;15125;Jamari;M
1530;15126;King;M
3215;15127;Bowen;M
3763;15128;Tatianna;F
2486;15129;Kaylynn;F
4135;15131;Aundrea;F
3209;15133;Charli;F
3846;15134;Destin;M
2926;15135;Ofelia;F
933;15137;Jody;F
4147;15138;Jesenia;F
3615;15140;Hailie;F
2375;15141;Cori;F
3305;15142;Huey;M
3724;15143;Lennon;M
1107;15144;Maude;F
2007;15149;Janell;F
3051;15150;Lorne;M
3258;15151;Eliot;M
1369;15152;Asia;F
3424;15154;Shante;F
4249;15155;Kalen;M
1024;15157;Latoya;F
4073;15158;Lanie;F
3733;15159;Annalisa;F
3870;15160;Jason;F
4203;15161;Zaid;M
880;15162;Dave;M
1476;15164;Ali;M
4345;15165;Shmuel;M
3470;15166;Maxim;M
1736;15167;Cadence;F
1104;15169;Mandy;F
4025;15170;Konner;M
2432;15173;Aylin;F
3978;15174;Albertha;F
1797;15176;Hollie;F
3803;15177;Judie;F
225;15179;Martin;M
2677;15180;Jensen;M
935;15181;Donovan;M
1661;15182;Presley;F
2702;15183;Lauretta;F
1235;15184;Kira;F
1410;15186;Juliet;F
1154;15188;Quentin;M
3260;15189;Rogers;M
3706;15190;Mustafa;M
1508;15191;Grover;M
1650;15192;Jami;F
208;15194;Isabella;F
1102;15196;August;M
1073;15197;Mollie;F
1485;15198;Antoine;M
2789;15199;Kyle;F
3339;15200;Dillan;M
2464;15201;Cristopher;M
3847;15202;Marcelle;F
929;15203;Enrique;M
3018;15207;Zora;F
3832;15208;Lailah;F
989;15209;Ira;M
2797;15210;Bernie;M
4382;15211;Zariyah;F
4313;15212;Eulalia;F
2447;15215;Julien;M
2409;15216;Nico;M
2885;15217;Noble;M
1585;15218;Marquis;M
2020;15219;Irwin;M
2177;15221;Rowan;F
1240;15222;Iva;F
713;15223;Misty;F
1452;15224;Darnell;M
2206;15227;Braydon;M
3314;15228;Garnet;F
2696;15229;Shanice;F
2371;15231;Mervin;M
4071;15233;Edie;F
4197;15235;Gearldine;F
724;15240;Kelly;M
1957;15241;Libby;F
3855;15242;Brea;F
3693;15243;Berry;M
1809;15244;Annika;F
2611;15245;Tatyana;F
2932;15246;Aryanna;F
3103;15247;Hellen;F
3128;15248;Renita;F
2349;15249;Nikita;F
2145;15250;Corine;F
1656;15251;Buddy;M
2458;15252;Triston;M
2691;15253;Lisette;F
80;15254;Alexander;M
197;15255;Gabriel;M
2906;15256;Luanne;F
3939;15257;Alexandre;M
1583;15259;Tiara;F
739;15260;Monique;F
3703;15261;Jessa;F
3369;15262;Alannah;F
3146;15264;Laureen;F
98;15265;Christine;F
1359;15266;Blaine;M
2516;15268;Gayla;F
4173;15269;Yamileth;F
1279;15270;Therese;F
3359;15271;Taya;F
1843;15272;Zackery;M
2570;15273;Kadence;F
3705;15276;Ean;M
3812;15277;Kenneth;F
1824;15278;Beverley;F
1702;15279;Judah;M
2815;15280;Aracely;F
3796;15281;Lupita;F
2827;15282;Dannie;M
3223;15283;Kristian;F
3311;15284;Kayli;F
4014;15285;Jeromy;M
145;15287;Joe;M
1826;15288;Chanel;F
2355;15289;Roselyn;F
1961;15290;Ernie;M
212;15291;Randy;M
1819;15293;Katlyn;F
3982;15294;Domenick;M
1955;15295;Hal;M
1526;15296;Maximus;M
908;15298;Myra;F
32;15299;Jessica;F
3556;15301;Shanika;F
958;15302;Neal;M
1568;15303;Murray;M
3856;15304;Charlize;F
2937;15305;Delma;F
1911;15306;Carley;F
678;15309;Briana;F
3418;15310;Idella;F
19;15311;Linda;F
1222;15312;Woodrow;M
3789;15314;Adilene;F
906;15317;Daniela;F
1290;15321;Carroll;M
3434;15322;Draven;M
1859;15323;Beatriz;F
1367;15324;Latasha;F
1870;15325;Eleanore;F
55;15326;Sandra;F
4013;15328;Lylah;F
1146;15329;Madeleine;F
2493;15331;Karly;F
641;15332;Karl;M
4068;15336;Gisele;F
3972;15337;Alvis;M
1677;15338;Cornelia;F
1773;15339;Adalyn;F
2902;15340;Ambrose;M
2915;15341;Yazmin;F
3746;15346;Cal;M
3655;15347;Camilo;M
4254;15350;Nate;M
3717;15351;Zeke;M
3005;15352;Yareli;F
123;15353;Victoria;F
2545;15354;Davin;M
3848;15356;Gustave;M
628;15357;Kara;F
808;15358;Ashton;M
1443;15359;Francis;F
3056;15361;Amelie;F
2;15362;Robert;M
3350;15363;Tawana;F
1741;15365;Raphael;M
1997;15366;Monroe;M
1021;15367;Archie;M
4144;15368;Deric;M
847;15369;Scarlett;F
3983;15370;Kevon;M
1853;15371;Jarvis;M
1832;15372;Gillian;F
2695;15373;Caren;F
2315;15374;Linwood;M
1480;15375;Brooks;M
3922;15377;Kacy;F
3300;15378;Bristol;F
4084;15379;Alize;F
73;15380;Rebecca;F
2719;15381;Braylen;M
684;15382;Marshall;M
1603;15383;Lamont;M
2632;15384;Christal;F
1672;15385;Abbie;F
3352;15387;Nathaly;F
1627;15389;Norah;F
646;15390;Riley;M
2707;15391;Chauncey;M
3741;15392;Rosario;M
1213;15393;Tasha;F
1219;15394;Lane;M
2709;15396;Lyndon;M
2916;15400;Adrien;M
2844;15401;Kaya;F
2646;15402;Gilda;F
953;15403;Mateo;M
4324;15404;Shiloh;M
2786;15405;Kian;M
3531;15406;Constantine;M
1309;15409;Kasey;F
2565;15410;Beryl;F
9;15413;Charles;M
1688;15416;Flossie;F
2692;15418;Bennie;F
721;15420;Shelly;F
832;15421;Jeannette;F
1754;15422;Elvin;M
2365;15423;Annemarie;F
3486;15424;Keshia;F
1837;15425;Matteo;M
2697;15426;Treva;F
1285;15428;Aileen;F
3161;15430;Niki;F
3295;15431;Amirah;F
3077;15432;Jamila;F
1563;15434;Rogelio;M
2148;15437;Madelynn;F
1966;15439;Bart;M
978;15441;Johanna;F
2104;15443;Monty;M
2665;15445;Berniece;F
1123;15446;Brock;M
2310;15447;Adela;F
1719;15448;Tanisha;F
2571;15451;Herschel;M
3251;15452;Danae;F
2420;15454;Foster;M
2588;15455;Lenard;M
876;15456;Dallas;M
4064;15458;Lashanda;F
3332;15459;Calista;F
21;15461;Donald;M
3582;15462;Hadassah;F
992;15465;Wendell;M
228;15466;Allison;F
4160;15468;Anastacia;F
3639;15469;Douglass;M
2788;15470;Richelle;F
2975;15471;Mercy;F
3594;15473;Paul;F
2605;15474;Deann;F
3618;15476;Brandee;F
2005;15477;Terra;F
2800;15478;Aliza;F
775;15479;Dwight;M
633;15480;Margie;F
574;15481;Angelina;F
193;15482;Sophia;F
1564;15483;Ryleigh;F
726;15484;Velma;F
100;15485;Adam;M
3169;15486;Soren;M
1654;15487;Stacy;M
2714;15488;Natalee;F
1453;15489;Jewell;F
3755;15490;Yasmeen;F
1951;15493;Millard;M
1051;15494;Allie;F
4299;15495;Paulo;M
2240;15496;Thalia;F
1306;15497;Dane;M
1259;15498;Jeannie;F
1236;15499;Daphne;F
3925;15501;Concepcion;F
2942;15502;Ivory;M
1105;15503;Sawyer;M
1820;15504;Adolph;M
3425;15506;Lue;F
4291;15509;Elliot;F
1691;15512;Tobias;M
1424;15513;Marlon;M
703;15514;Brittney;F
4217;15515;Bridger;M
1315;15518;Trina;F
3576;15519;Maybelle;F
1343;15521;Jaylen;M
185;15523;Diana;F
2506;15524;Alia;F
4263;15525;Deasia;F
1210;15527;Rena;F
4139;15529;Madaline;F
3241;15530;Donnie;F
2997;15532;Geri;F
1148;15534;Jermaine;M
3563;15535;Semaj;M
4003;15536;Kya;F
1838;15538;Martina;F
4325;15540;Kasie;F
139;15542;Judith;F
3500;15543;Kelton;M
1642;15544;Jeri;F
4364;15545;Monet;F
2510;15546;Kenna;F
764;15547;Sheryl;F
2608;15548;Magnolia;F
1406;15549;Kyler;M
257;15550;Rita;F
2985;15551;Jaiden;F
2352;15552;Lizette;F
740;15555;Hugh;M
2169;15558;Braeden;M
2848;15559;Mariano;M
4099;15560;Linden;M
1835;15561;Tate;M
1127;15562;Myles;M
1638;15563;Chris;F
1698;15564;Harriett;F
1203;15566;Estella;F
2006;15569;Earnestine;F
2367;15570;Wilhelmina;F
743;15571;Mathew;M
2530;15572;Deidra;F
1020;15573;Rosemarie;F
3479;15574;Baby;M
2394;15575;Reggie;M
1135;15577;Leticia;F
3729;15579;Cathie;F
1753;15580;Cecile;F
148;15581;Cheryl;F
4316;15583;Zona;F
1755;15584;Norbert;M
1371;15586;Alina;F
3354;15587;Mariel;F
1667;15588;Robbie;F
2507;15590;Kolby;M
1728;15591;Kamryn;F
3372;15595;Marlo;F
3316;15596;Giuseppe;M
2795;15597;Matthias;M
3793;15598;Ireland;F
3581;15599;Darcie;F
2614;15600;Freddie;F
85;15601;Shirley;F
111;15602;Maria;F
2031;15603;Alvaro;M
1439;15605;Kendrick;M
2043;15606;Kierra;F
1377;15607;Kayleigh;F
3919;15608;Pilar;F
1577;15611;Bobbi;F
2481;15613;Winona;F
25;15614;Steven;M
186;15615;Charlotte;F
3643;15616;Jade;M
3274;15617;Leonora;F
3994;15620;Elwin;M
1363;15622;Bradford;M
1025;15623;Rene;M
3069;15625;Rosalia;F
3874;15626;Madden;M
3196;15627;Sol;M
1122;15628;Giselle;F
3136;15629;Legend;M
2093;15630;Katheryn;F
2114;15631;Carlie;F
928;15633;Rex;M
4256;15634;Linus;M
4119;15635;Aaden;M
2832;15636;Katarina;F
1212;15637;Trey;M
1622;15638;Nola;F
2517;15639;Monika;F
1173;15640;Ollie;F
777;15641;Julius;M
1004;15642;Lora;F
3804;15645;Katlin;F
3985;15646;Von;M
3930;15647;Kora;F
4221;15649;Milana;F
2264;15650;Aubrie;F
2597;15651;Dinah;F
3392;15652;Teressa;F
214;15658;Kathy;F
1969;15659;Nehemiah;M
1751;15660;Barrett;M
2752;15661;Winter;F
72;15662;Samuel;M
2012;15664;Roseann;F
2194;15665;Lesly;F
3338;15666;Murphy;M
2928;15670;Delois;F
1175;15672;Laurence;M
1945;15673;Porter;M
913;15674;Karina;F
4038;15675;Evans;M
3480;15677;Cedrick;M
3197;15678;Kandice;F
147;15680;Sara;F
2877;15681;Agatha;F
1528;15682;Eve;F
3443;15683;Anders;M
701;15684;Pedro;M
3552;15685;Cassius;M
3884;15686;Azaria;F
3891;15688;Andrew;F
2427;15689;Adelina;F
783;15691;Sergio;M
1905;15693;Janae;F
837;15694;Camila;F
1621;15695;Carmela;F
1559;15696;Leanna;F
1482;15697;Stephan;M
2335;15698;Arleen;F
632;15702;Brooklyn;F
2720;15704;Iola;F
3799;15708;Joshua;F
2680;15709;Tisha;F
3907;15710;Alaya;F
1551;15711;Jonas;M
18;15712;George;M
1225;15713;Alondra;F
2934;15714;Jerrold;M
2393;15715;Skyla;F
816;15716;Felix;M
2627;15717;Delphine;F
3094;15718;Joana;F
48;15719;Ashley;F
2988;15720;Tena;F
2153;15722;Halle;F
2804;15723;Adelynn;F
4082;15724;Britni;F
4180;15726;Kolten;M
1550;15727;Walker;M
3603;15728;Orpha;F
4044;15729;Nyah;F
3743;15730;Samual;M
2947;15731;Dimitri;M
1730;15732;Marlin;M
3017;15734;Kimora;F
3866;15735;Junius;M
3688;15736;Alfonzo;M
1033;15738;Marcos;M
2415;15741;Dahlia;F
2402;15742;Leta;F
1471;15747;Taryn;F
3562;15748;Brandan;M
94;15750;Peter;M
760;15751;Jaxon;M
3509;15752;Dawna;F
1943;15754;Lina;F
293;15755;Esther;F
3016;15757;Remi;F
117;15759;Marie;F
572;15760;Addison;F
3610;15761;Santana;F
3422;15764;Demario;M
1802;15765;Brenton;M
1599;15766;Milo;M
689;15767;Arianna;F
223;15768;Phillip;M
1055;15769;Christie;F
2448;15770;Iliana;F
1445;15771;Makenna;F
3894;15772;Artis;M
4002;15773;Jesica;F
1926;15774;Consuelo;F
2226;15775;Adrianne;F
2843;15777;Brennen;M
3744;15778;Val;M
3140;15779;Kyrie;M
1287;15782;Christa;F
1749;15784;Tatum;F
1208;15785;Dawson;M
3105;15786;Ami;F
3266;15788;Unique;F
2338;15789;Jarod;M
2123;15791;Merle;F
2408;15792;Layne;M
49;15793;Eric;M
184;15794;Abigail;F
1472;15795;Cierra;F
35;15796;Timothy;M
1630;15797;Kody;M
1623;15798;Imani;F
3895;15799;Tobin;M
2421;15800;Letitia;F
1699;15803;Christi;F
1013;15805;Willis;M
1813;15807;Pierre;M
95;15808;Brenda;F
3116;15809;Dwain;M
1326;15810;Frankie;F
4204;15811;Glendon;M
1195;15812;Jayla;F
2539;15814;Lidia;F
3067;15816;Jaylin;F
3057;15817;Deacon;M
2687;15818;Sydney;M
2233;15819;Nataly;F
770;15822;Eunice;F
901;15823;Tracy;M
3138;15824;Drew;F
2851;15826;Cason;M
1374;15827;Shayla;F
4332;15828;Jeremie;M
142;15833;Andrea;F
3819;15834;Filomena;F
3385;15837;Floy;F
1181;15838;Harley;M
990;15841;Conner;M
3162;15842;Kalyn;F
1595;15845;Jeanine;F
4242;15846;Kendal;M
2121;15847;Jannie;F
2353;15848;Lulu;F
2595;15849;Marybeth;F
1118;15850;Camden;M
3177;15851;Pamala;F
3172;15852;Cletus;M
1006;15854;Kerry;M
3437;15855;Karma;F
248;15856;Isaac;M
3762;15857;Cami;F
1001;15858;Darius;M
3720;15859;Abigale;F
750;15860;Wallace;M
1649;15861;Dale;F
1270;15862;Conrad;M
1264;15863;Ron;M
4280;15864;Lennie;F
1349;15865;Fatima;F
1164;15867;Leigh;F
2717;15868;Tana;F
2299;15869;Jaelyn;F
3580;15870;Lupe;M
3660;15871;Reanna;F
2983;15872;Emile;M
3308;15873;Edwardo;M
1365;15874;Myrna;F
2063;15875;Madisyn;F
3570;15876;Stephenie;F
749;15878;Rick;M
1292;15879;Reid;M
4366;15880;Zenobia;F
1031;15882;Henrietta;F
284;15884;Connie;F
1524;15885;Selma;F
2583;15886;Ember;F
2933;15887;Gertie;F
3173;15888;Sky;F
1008;15889;Kelvin;M
2523;15890;Garth;M
1780;15892;Melisa;F
3401;15893;Lavina;F
4368;15894;Terrill;M
2317;15896;Alecia;F
1095;15898;Ashlyn;F
4370;15899;Cherrie;F
2891;15900;Harriette;F
3053;15901;Westley;M
4292;15902;Kalani;F
909;15903;Roxanne;F
3060;15905;Audrina;F
3547;15906;Tariq;M
3249;15908;Tressa;F
1522;15910;Arielle;F
962;15911;Nadine;F
1014;15912;Kenny;M
3131;15913;Shyla;F
4312;15914;Anitra;F
4066;15915;Jerimiah;M
1028;15916;Raquel;F
180;15917;Beverly;F
2235;15918;Kaley;F
4371;15919;Almeda;F
1150;15920;Darla;F
2149;15921;Finley;F
4343;15922;Isreal;M
4352;15923;Hollis;F
900;15924;Santiago;M
3070;15926;Yosef;M
2040;15927;Lyndsey;F
1930;15928;Curt;M
2096;15929;Stephany;F
3791;15931;Carleigh;F
3767;15934;Zena;F
918;15935;Mallory;F
3468;15936;Nila;F
2924;15938;Cristy;F
4337;15939;Dickie;M
4005;15940;Darline;F
2185;15941;Mohammed;M
1664;15943;Issac;M
1114;15944;Patti;F
70;15945;Benjamin;M
2208;15946;Haleigh;F
3815;15948;Krystina;F
1586;15950;Rowan;M
4285;15951;Jaxen;M
247;15953;Eleanor;F
2673;15954;Debby;F
1959;15955;Liana;F
1103;15956;Pablo;M
3881;15957;Heidy;F
2972;15958;Andreas;M
1600;15959;Winnie;F
3691;15960;Whitley;F
4304;15961;Carie;F
3561;15962;Saniyah;F
1846;15964;Chandra;F
217;15965;Bonnie;F
3546;15966;Isai;M
58;15967;Kimberly;F
4199;15968;Ferne;F
3199;15969;Salina;F
2577;15970;Ivory;F
853;15971;Penelope;F
2560;15972;Denzel;M
3773;15973;Dejuan;M
2965;15976;Lachlan;M
2094;15978;Gideon;M
2551;15979;Kennith;M
2927;15980;Darleen;F
2377;15981;Anissa;F
2519;15982;Nathanial;M
756;15983;Harrison;M
64;15984;Carol;F
2913;15985;Wilton;M
4268;15986;Aaron;F
4294;15987;Abelardo;M
1924;15988;Emory;M
190;15989;Russell;M
2011;15990;Mari;F
3129;15991;Elida;F
3527;15992;Adell;F
2190;15994;Isaias;M
3938;15995;Jeanetta;F
4107;15996;Tyesha;F
2435;15997;Danika;F
23;15998;Mark;M
667;15999;Cecilia;F
3063;16001;Tod;M
2305;16002;Maeve;F
288;16003;Tracy;F
1575;16004;Edmond;M
3550;16005;Emmet;M
4212;16006;Shani;F
3055;16007;Madison;M
2254;16008;Elliana;F
3958;16010;Tarah;F
16;16011;Jennifer;F
3150;16012;Hezekiah;M
857;16013;Daryl;M
1670;16014;Rae;F
4055;16016;Arther;M
1345;16017;Janette;F
828;16018;Jonathon;M
1159;16019;Cedric;M
3040;16021;Linnie;F
3961;16024;Winfield;M
1378;16027;Jakob;M
2607;16028;Judi;F
861;16029;Malcolm;M
3193;16032;Amaris;F
3391;16033;Lazaro;M
3997;16034;Darell;M
2921;16035;Kole;M
2383;16036;Damaris;F
2023;16037;Kareem;M
2271;16039;Scarlet;F
2488;16040;Ariella;F
3528;16042;Verla;F
3402;16043;Valery;F
3695;16044;Areli;F
3326;16045;Allyssa;F
2896;16046;Estevan;M
387;16047;Marion;F
2993;16048;Lorri;F
3224;16049;Kasen;M
4080;16050;Shoshana;F
1618;16051;Garland;M
2474;16053;Talon;M
2441;16054;Jamel;M
1010;16057;Garry;M
4031;16058;Kingsley;M
2835;16059;Coby;M
3342;16060;Richie;M
3747;16061;Candis;F
3109;16062;Lyndsay;F
1171;16064;Adele;F
3481;16065;Arnulfo;M
1712;16067;Susana;F
2616;16068;Randell;M
3900;16069;Arvin;M
1946;16071;Tyrell;M
2999;16072;Keagan;M
4175;16074;Waymon;M
2879;16075;Hayes;M
2303;16077;Lawson;M
1772;16078;Mikaela;F
3553;16080;Sommer;F
1717;16081;Skye;F
1760;16082;Nelda;F
4195;16083;Ryne;M
1511;16085;Hilary;F
163;16086;Ralph;M
1490;16087;Leola;F
2642;16088;Savanah;F
3263;16089;Selene;F
2320;16090;Antwan;M
2751;16092;Kristyn;F
1080;16094;Delbert;M
3518;16095;Karis;F
2079;16096;Lexie;F
1178;16098;Raven;F
2049;16099;Edwina;F
3490;16100;Keeley;F
2910;16101;Lucien;M
1376;16103;Shana;F
734;16104;Fannie;F
2527;16105;Cayla;F
2242;16108;Bridgett;F
1384;16109;Randi;F
3198;16110;Ellsworth;M
3792;16111;Ronaldo;M
2802;16115;Evelynn;F
2645;16117;Emelia;F
1978;16118;Lavonne;F
1233;16119;Clay;M
3852;16120;Kyndall;F
2859;16121;Keven;M
3810;16122;Demarco;M
791;16124;Perry;M
1165;16125;Alaina;F
169;16126;Noah;M
1112;16127;Teri;F
26;16128;Kenneth;M
3273;16129;Cory;F
2436;16130;Alfreda;F
118;16131;Arthur;M
2278;16132;Carmine;M
2416;16133;Angelita;F
3083;16134;Quinten;M
2710;16135;Tristin;M
1839;16136;Cortney;F
1643;16137;Jan;M
2652;16138;Arjun;M
246;16139;Caleb;M
3629;16140;Leopoldo;M
3903;16141;Greggory;M
994;16143;Trent;M
2704;16145;Corey;F
3565;16146;Ivonne;F
1746;16147;Nova;F
1291;16148;Reba;F
3775;16149;Garrick;M
76;16150;Sharon;F
2576;16151;Everette;M
2895;16153;Reta;F
1601;16154;Rodrigo;M
3098;16155;Patsy;M
194;16156;Irene;F
725;16158;Blanche;F
219;16159;Taylor;F
1766;16161;Aden;M
115;16163;Harold;M
3283;16165;Lani;F
1462;16166;Alta;F
11;16167;Christopher;M
232;16168;Josephine;F
1899;16170;Everly;F
3239;16172;Dorcas;F
2542;16174;Vada;F
2882;16175;Alessandro;M
2384;16176;Breanne;F
2042;16177;Eddie;F
4076;16178;Nena;F
3126;16180;Star;F
2146;16182;Isabell;F
4016;16183;Leslee;F
2873;16185;Caylee;F
983;16186;Joey;M
4008;16188;Randy;F
1143;16190;Nikki;F
1068;16191;Ryder;M
665;16192;Johnathan;M
3980;16193;Hosea;M
4329;16194;Jovanny;M
1243;16195;Delaney;F
3365;16196;Joey;F
1230;16197;Declan;M
3659;16198;Dontae;M
2248;16199;David;F
183;16200;Marilyn;F
3923;16201;Dalila;F
124;16202;Joyce;F
3289;16203;Jorden;M
927;16204;Aurora;F
3064;16205;Kenyon;M
1157;16206;Shari;F
1972;16208;Justice;F
3025;16209;Sharyn;F
159;16210;Harry;M
3645;16211;Serina;F
1761;16212;Phil;M
3686;16214;Venita;F
2914;16218;Briella;F
3307;16219;Kisha;F
1081;16220;Eula;F
3380;16221;Lilianna;F
1305;16222;Melba;F
4121;16223;Bilal;M
4216;16224;Mark;F
1757;16225;Gale;F
3949;16226;Deandra;F
3114;16227;Shonda;F
4095;16228;Bethel;F
1535;16229;Charlie;F
2587;16231;Kristofer;M
2981;16232;Milford;M
166;16233;Theresa;F
2903;16234;Blakely;F
3458;16235;Estefania;F
3664;16237;Lesli;F
3845;16238;Hulda;F
3488;16239;Hortense;F
3987;16241;Stone;M
2203;16242;Devan;M
4350;16244;Webster;M
1768;16246;Latisha;F
4223;16250;Tyrus;M
3246;16251;Seamus;M
4262;16252;Kalia;F
919;16253;Callie;F
2224;16254;Benita;F
1553;16255;Jess;M
2585;16256;Leota;F
2167;16258;Frederic;M
2522;16259;Lona;F
3621;16261;Gaye;F
1647;16262;Cyrus;M
3837;16263;Billy;F
3579;16264;Mauro;M
4018;16265;Kalli;F
1740;16266;Noemi;F
2651;16267;Nestor;M
3653;16269;Yuliana;F
2103;16271;Ayanna;F
1933;16273;Althea;F
4346;16274;Kenyatta;F
2139;16275;Leeann;F
2495;16276;Sade;F
737;16277;Miles;M
3319;16278;Hilton;M
2598;16279;Vonda;F
1167;16280;Frankie;M
1592;16281;Jeannine;F
1320;16282;Jayson;M
2015;16283;Rashad;M
4151;16284;Alford;M
2061;16285;Lelia;F
2337;16286;Coleen;F
1484;16287;Alayna;F
3461;16288;Joan;M
3493;16289;Carlotta;F
2861;16290;Shiloh;F
458;16291;Alma;F
2528;16292;Raina;F
1054;16293;Malachi;M
3433;16294;Litzy;F
1299;16296;Tatiana;F
3619;16298;Aliana;F
3431;16299;Toney;M
1706;16300;Corrine;F
205;16301;Erin;F
2241;16303;Kris;F
1429;16304;Lara;F
3699;16306;Mitch;M
2773;16307;Karol;F
1207;16308;Essie;F
2117;16310;Ahmed;M
3727;16312;Bishop;M
3447;16314;Juli;F
3110;16315;Keyla;F
3348;16316;Eliezer;M
2701;16317;Angus;M
629;16320;Dan;M
370;16321;Mike;M
2763;16323;Unknown;M
679;16325;Tanner;M
1641;16326;Bettye;F
1149;16327;Laverne;F
2886;16328;Alene;F
20;16329;Barbara;F
1851;16330;Sarai;F
2099;16331;Kathie;F
2674;16332;Erin;M
3353;16334;Jaxton;M
648;16335;Clinton;M
2227;16336;Edythe;F
2962;16340;Marjory;F
2490;16341;Portia;F
4015;16343;Afton;F
1786;16344;Cash;M
3399;16345;Annabell;F
4244;16346;Violette;F
2182;16347;Bailee;F
3757;16348;Shira;F
3790;16350;Hardy;M
700;16351;Claude;M
827;16353;Kent;M
2648;16354;Lavern;M
4331;16355;Maddie;F
2956;16356;Salma;F
4286;16357;Henry;F
4134;16358;Dorinda;F
1862;16359;Colt;M
3651;16362;Ines;F
1070;16365;Weston;M
1226;16366;Jude;M
4250;16367;Daisha;F
3683;16368;Hobert;M
2467;16369;Alysha;F
3566;16371;Kathryne;F
2501;16372;Shantel;F
3964;16373;Laken;F
2689;16374;Yaretzi;F
3459;16375;Felisha;F
2428;16377;Shea;F
3892;16381;Amare;M
2977;16382;Samir;M
1733;16383;Titus;M
2662;16384;Killian;M
2238;16385;Journey;F
4211;16386;Frank;F
2174;16387;Nita;F
1962;16388;Samara;F
1662;16390;Ila;F
2905;16391;Robbin;F
2904;16392;Oren;M
33;16393;Sarah;F
747;16395;Tim;M
3436;16396;Blaze;M
2272;16397;Kolton;M
4190;16399;Santo;M
871;16400;Guadalupe;F
2936;16401;Daria;F
4367;16402;Melvyn;M
814;16404;Freddie;M
1963;16406;Galen;M
3723;16407;Cheryle;F
2650;16408;Bradly;M
1129;16409;Ernesto;M
723;16410;Jacquelyn;F
3788;16411;Lorelai;F
1734;16412;Karissa;F
4328;16413;Chrissy;F
1433;16414;Macy;F
1690;16415;Ladonna;F
1952;16416;Pierce;M
3351;16417;Khadijah;F
3844;16418;Sunshine;F
1790;16419;Danna;F
4114;16420;Ameer;M
3465;16421;Galilea;F
74;16422;Deborah;F
4261;16424;Gibson;M
3329;16428;Keila;F
1628;16430;Keisha;F
4009;16433;Breonna;F
1463;16434;Sienna;F
3232;16435;Kassie;F
784;16436;Collin;M
3769;16437;Chyna;F
1278;16439;Lukas;M
3343;16440;Leighton;F
2284;16441;Iker;M
1100;16442;Ezekiel;M
3208;16443;Cristobal;M
2308;16444;Basil;M
3963;16445;Grecia;F
3749;16446;Johnpaul;M
1888;16447;Deirdre;F
3455;16448;Baron;M
1043;16450;May;F
691;16451;Adriana;F
1446;16452;Elsa;F
3008;16453;Luka;M
1710;16454;Elnora;F
2387;16455;Shelton;M
2380;16456;Vince;M
2898;16458;Lolita;F
1011;16459;Lynn;M
2054;16461;Aspen;F
3596;16465;Art;M
2113;16466;Cullen;M
141;16467;Jean;F
3404;16468;Nanci;F
3230;16469;Bess;F
1067;16470;Shelia;F
1980;16471;Norris;M
2586;16472;Yahir;M
4340;16473;Dylon;M
3736;16476;Derik;M
3393;16477;Burt;M
1590;16481;Malia;F
748;16485;Elias;M
3101;16486;Freya;F
1912;16487;Avis;F
3678;16489;Kelsey;M
3679;16490;Deron;M
3954;16491;Casie;F
3082;16492;Una;F
2344;16493;Gale;M
3261;16496;Tonja;F
250;16497;Jamie;F
3026;16499;Cathrine;F
3059;16500;Toby;F
4252;16501;Shasta;F
2381;16502;Matias;M
3111;16503;Destini;F
2811;16507;Jaycee;F
2259;16508;Maricela;F
1459;16510;Joaquin;M
2022;16511;Margery;F
1090;16512;Esmeralda;F
2260;16514;Addison;M
3086;16515;Giancarlo;M
2925;16518;Shakira;F
2027;16519;Adolfo;M
2045;16520;Dayton;M
2026;16521;Marcie;F
3551;16522;Camren;M
897;16523;Israel;M
1461;16524;Candy;F
171;16525;Jordan;M
2708;16526;Ryann;F
3818;16527;Marin;F
3145;16529;Jayde;F
1793;16530;Esperanza;F
3625;16531;Shamar;M
2378;16532;Shayne;M
2118;16534;Bria;F
1644;16535;Amie;F
2135;16537;Joelle;F
2612;16538;Nan;F
3139;16539;Abdullah;M
3946;16540;Eldridge;M
666;16541;Kay;F
4075;16542;Kadin;M
2644;16543;Jayleen;F
1854;16544;Pearlie;F
4323;16545;Zayn;M
3620;16546;Eleni;F
3030;16547;Dorene;F
2573;16548;Cortez;M
281;16549;Frederick;M
130;16550;Rose;F
1134;16551;Winifred;F
4342;16552;Tremaine;M
1817;16553;Ashley;M
1179;16554;Alfonso;M
3282;16555;Reagan;M
794;16556;Candice;F
283;16558;Edith;F
4105;16559;Remy;F
866;16560;Marianne;F
3432;16562;Aleta;F
105;16563;Douglas;M
2839;16564;Thiago;M
2935;16565;Stan;M
2140;16568;Lourdes;F
1245;16569;Emilia;F
278;16570;Carrie;F
2229;16571;Zelda;F
1915;16574;Shayna;F
1607;16575;Skyler;F
3203;16576;Arden;M
1801;16577;Georgina;F
2291;16578;Loren;F
3801;16579;Keyon;M
1069;16580;Kelley;F
1731;16583;Mavis;F
1864;16584;Skylar;M
1423;16585;Shanna;F
2189;16586;Earlene;F
2805;16588;Georgiana;F
3555;16589;Rhianna;F
3933;16590;Nikhil;M
1312;16592;Brielle;F
711;16593;Harriet;F
1457;16595;Tomas;M
1015;16596;Reagan;F
4237;16599;Florene;F
1303;16600;Bette;F
2345;16601;Christen;F
4192;16602;Roni;F
2850;16604;Jazmyn;F
1216;16605;Tami;F
3707;16606;Rollin;M
2676;16607;Jacquelin;F
1834;16608;Alexus;F
2170;16611;Remington;M
263;16612;Wanda;F
2761;16614;Kerrie;F
2292;16615;Davon;M
1937;16619;Major;M
81;16620;Patrick;M
3046;16622;Alani;F
2637;16623;Latanya;F
3049;16625;Devante;M
2132;16628;Kiersten;F
3696;16630;Sheridan;F
1998;16631;Adelyn;F
2741;16632;Jaylin;M
1514;16634;Johnathon;M
4024;16635;Sabra;F
2055;16636;Hans;M
3421;16638;Devyn;M
4006;16639;Reilly;F
4100;16640;Desire;F
1360;16641;Diamond;F
3928;16642;Karim;M
3839;16643;Davian;M
299;16645;Katie;F
3560;16646;Matthew;F
3045;16647;Saige;F
2664;16648;Ione;F
3212;16649;Tosha;F
3216;16650;Anais;F
2693;16651;Bobby;F
2217;16652;Deena;F
2452;16654;Milan;M
1679;16655;Bernadine;F
675;16656;Micah;M
2404;16658;Abbigail;F
1435;16660;Brenna;F
1280;16661;Sherrie;F
4145;16662;Meyer;M
1016;16663;Tessa;F
2841;16664;Dovie;F
2372;16666;Moriah;F
2247;16668;Annabella;F
2296;16669;Dylan;F
1030;16670;Randolph;M
1660;16673;Angelia;F
3420;16675;Kaela;F
3893;16676;Trena;F
1990;16677;Kathrine;F
3019;16679;Alesha;F
3119;16680;Destiney;F
2137;16681;Merlin;M
3133;16683;Zaiden;M
817;16684;Kennedy;F
782;16686;Kaleb;M
4171;16687;Andi;F
3542;16690;Margarette;F
2912;16691;Turner;M
3628;16692;Arden;F
1925;16693;Lilliana;F
1251;16694;Ismael;M
2908;16695;Shea;M
681;16699;Jamie;M
125;16700;Carl;M
106;16701;Heather;F
840;16702;Faye;F
894;16703;Patty;F
1748;16704;Yasmin;F
964;16705;Celia;F
2157;16707;Jarred;M
959;16709;Mikayla;F
682;16710;Lonnie;M
164;16711;Janice;F
4079;16712;Shalonda;F
1192;16713;Beau;M
27;16714;Edward;M
2894;16715;Braelyn;F
2253;16716;Roxanna;F
838;16717;Simon;M
759;16718;Tyrone;M
1099;16719;Adrianna;F
1288;16720;Greyson;M
291;16722;Monica;F
680;16723;Marguerite;F
4034;16724;Malka;F
1131;16725;Irving;M
3976;16726;Dasia;F
1502;16727;Sondra;F
2029;16731;Reva;F
878;16732;Marcella;F
3148;16733;Columbus;M
851;16735;Della;F
268;16736;Courtney;F
2764;16737;Chaim;M
3104;16739;Susannah;F
4125;16740;Flynn;M
2311;16741;Madyson;F
1258;16742;Delia;F
2596;16743;Gracelyn;F
676;16746;Isabelle;F
1009;16748;Bennie;M
1199;16749;Moses;M
4353;16752;Azariah;F
2127;16754;Fletcher;M
974;16755;Caitlyn;F
2158;16756;Brayan;M
4001;16757;Sarita;F
3761;16760;Linsey;F
89;16763;Virginia;F
4264;16765;Jeramiah;M
2668;16767;Clementine;F
803;16768;Armando;M
1141;16769;Kai;M
3441;16770;Eloisa;F
948;16771;Emmett;M
1295;16772;Toby;M
774;16773;Dwayne;M
1877;16774;Kade;M
3622;16775;Lida;F
3924;16776;Stetson;M
2219;16777;Trista;F
237;16779;Tina;F
4021;16780;Vienna;F
1774;16781;Maura;F
949;16782;Olive;F
3669;16783;Yehuda;M
2360;16784;Nasir;M
3992;16785;Marita;F
4146;16786;Britt;M
1385;16787;Cherie;F
1756;16788;Dorthy;F
282;16791;Curtis;M
1336;16792;Marisol;F
2327;16794;Enzo;M
1573;16795;Maribel;F
153;16797;Roger;M
1047;16798;Nettie;F
3529;16799;Josette;F
957;16802;Alfredo;M
898;16805;Alisha;F
2004;16807;Darian;M
2518;16809;Buford;M
3890;16810;Mozelle;F
4266;16812;Alaysia;F
2497;16814;Lacie;F
3108;16815;Cecil;F
3731;16817;Aloysius;M
3477;16819;Saniya;F
4269;16821;Everardo;M
910;16822;Caden;M
114;16823;Debra;F
4149;16824;Rueben;M
3125;16825;Franco;M
2681;16827;Alysia;F
4207;16829;Reynold;M
1111;16830;Lucia;F
2869;16831;Emersyn;F
3503;16832;Tayla;F
2351;16833;Birdie;F
1722;16834;Ruthie;F
2828;16835;Jed;M
2803;16836;Myah;F
1845;16838;Arabella;F
1812;16839;Kiley;F
1604;16840;Payton;M
1412;16841;Gwen;F
1000;16843;Allyson;F
2725;16844;Lemuel;M
2419;16845;Korey;M
2162;16846;Ronny;M
2423;16847;Katina;F
3714;16848;Aviana;F
923;16853;Mckenzie;F
2155;16854;Donnell;M
3616;16856;Leatrice;F
3611;16857;Verne;M
1184;16858;Nickolas;M
2072;16859;Minerva;F
1855;16860;Londyn;F
3265;16861;Case;M
1361;16862;Kameron;M
3990;16863;Braylee;F
2578;16864;Bernardo;M
4067;16865;Jaren;M
1483;16867;Van;M
2613;16868;Theodora;F
3466;16870;Leigha;F
3487;16872;Valentine;M
1792;16873;Kassidy;F
4296;16874;Dedra;F
1340;16875;Kassandra;F
4042;16876;Denton;M
3644;16879;Leonidas;M
3347;16880;Tristan;F
660;16883;Melody;F
2823;16884;Benedict;M
4238;16885;Kamille;F
3514;16886;Charline;F
66;16887;Larry;M
1362;16888;Otto;M
2858;16889;Brinley;F
2731;16890;Averie;F
671;16891;Brendan;M
896;16892;Rickey;M
4318;16893;Marko;M
3115;16894;Aric;M
1818;16895;Ariel;M
2940;16896;Kenia;F
2781;16898;Raymundo;M
4106;16899;Brionna;F
1036;16901;Kiara;F
3929;16903;Kati;F
3975;16904;Aydin;M
1050;16905;Rudy;M
2796;16906;Fabiola;F
3184;16907;Hamza;M
1274;16908;Angeline;F
1876;16911;Maci;F
951;16912;Lacey;F
2002;16913;Meaghan;F
2838;16915;Zaria;F
3926;16916;Lakeshia;F
1075;16917;Benny;M
227;16918;Craig;M
3428;16919;Trever;M
3968;16920;Brittanie;F
2562;16921;Jaimie;F
2808;16922;Suzan;F
1665;16923;Burton;M
3090;16925;Armani;F
3178;16926;Imelda;F
1714;16928;Erwin;M
4103;16931;Tresa;F
2814;16932;Lucius;M
979;16933;Horace;M
2359;16934;Ronan;M
3863;16935;Isela;F
4236;16936;Allegra;F
3320;16937;Jamey;M
1889;16938;Lilian;F
2013;16939;Regan;F
879;16940;Geoffrey;M
2460;16941;Alva;M
2246;16943;Rocio;F
2491;16944;Laney;F
945;16945;Cecelia;F
2035;16946;Celina;F
2048;16947;Denny;M
1927;16948;Nanette;F
1545;16950;Heaven;F
1084;16952;Anastasia;F
1479;16954;Winston;M
47;16955;Nicholas;M
3689;16958;Hendrix;M
2041;16960;Gia;F
298;16961;Chad;M
3995;16962;Chace;M
755;16964;Lynda;F
2289;16970;Sharlene;F
3511;16972;Mika;F
4229;16973;China;F
2871;16974;Emmy;F
3280;16975;Kaiya;F
2232;16977;Melany;F
1814;16978;Dion;M
3554;16979;Baby;F
3786;16980;Tre;M
3093;16981;Tyron;M
3572;16983;Golda;F
2116;16984;Marietta;F
1018;16985;Kayden;M
1738;16986;Lauryn;F
178;16987;Dylan;M
4293;16988;Jolynn;F
3842;16990;Shannan;F
3868;16991;Kandy;F
1805;16992;Bryanna;F
2785;16993;Brigitte;F
2298;16994;Charlee;F
4357;16995;Diya;F
3901;16996;Devan;F
3602;16998;Chet;M
4011;17000;Dallin;M
2319;17001;Jimena;F
2142;17002;Kirby;M
2754;17003;Sarina;F
3820;17004;Dorsey;M
2686;17005;Rolland;M
2092;17006;Addyson;F
3658;17007;Orin;M
3774;17008;Rosina;F
2970;17009;Montana;F
1996;17011;Barney;M
1177;17012;Junior;M
2538;17013;Octavio;M
2782;17016;Patrica;F
240;17017;Carlos;M
709;17018;Layla;F
120;17019;Kyle;M
2051;17020;Houston;M
2684;17021;Tiffanie;F
3711;17022;Kattie;F
1408;17023;Cleo;F
2134;17025;Annabel;F
3905;17026;Jaylyn;F
1007;17027;Selena;F
1304;17028;Ronda;F
1831;17029;Raegan;F
2739;17031;Pattie;F
1032;17032;Corinne;F
4102;17033;Margarito;M
3237;17034;Flor;F
207;17035;Logan;M
4253;17036;Henri;M
3932;17038;Winnifred;F
2526;17039;Denice;F
2986;17040;Eloy;M
2561;17041;Stevie;F
981;17043;Jaime;F
810;17044;Peyton;F
3772;17045;Rupert;M
2382;17046;Clair;M
849;17047;Sonya;F
1477;17048;Alivia;F
2066;17049;Jett;M
1596;17050;Matt;M
2270;17051;Louella;F
3586;17055;Ishmael;M
50;17056;Frank;M
2604;17057;Raelyn;F
1594;17059;Sidney;F
3634;17062;Roseanna;F
45;17063;Lisa;F
2179;17065;Tamra;F
1117;17066;Nadia;F
865;17067;Valeria;F
2368;17068;Judson;M
226;17069;Johnny;M
3988;17070;Kathlyn;F
1555;17071;Quincy;M
2312;17072;America;F
2892;17074;Carol;M
1142;17075;Kyla;F
662;17076;Roland;M
2762;17077;Zariah;F
3183;17080;Collette;F
1942;17081;Karter;M
1185;17082;Kristie;F
1082;17083;Alton;M
4110;17084;Sylas;M
745;17085;Jodi;F
121;17087;Diane;F
4231;17089;Carnell;M
3268;17090;Tegan;F
65;17091;Brandon;M
1711;17092;Dorian;M
2623;17093;Janiya;F
3828;17094;Charissa;F
1191;17095;Margarita;F
2938;17096;Kayley;F
532;17097;Cora;F
3084;17098;Rey;M
3135;17099;Darrius;M
2987;17101;Jacquline;F
1276;17103;Rufus;M
3833;17104;Dian;F
4187;17106;Neha;F
1680;17107;Denis;M
1836;17108;Rylie;F
3330;17109;Jamarion;M
2483;17110;Mikel;M
3809;17111;Kesha;F
3294;17112;Arlen;M
1399;17113;Hallie;F
715;17115;Kurt;M
2032;17116;Anika;F
4049;17121;Christene;F
3313;17122;Kayson;M
2810;17123;Malissa;F
3475;17126;Jessika;F
692;17127;Andy;M
3210;17129;Lyn;F
1609;17130;Julissa;F
3366;17132;Bettina;F
2266;17133;Kailyn;F
3624;17134;Novella;F
2750;17135;Dino;M
1852;17136;Gay;F
1668;17137;Stefan;M
1737;17138;Christian;F
1401;17139;Wilfred;M
1557;17141;Guadalupe;M
1562;17142;Isla;F
3228;17143;Rory;F
1917;17145;Rhea;F
1701;17146;Lacy;F
1397;17147;Lyla;F
3541;17149;Cain;M
735;17150;Sidney;M
690;17151;Madelyn;F
3802;17152;Melonie;F
216;17155;Anne;F
3357;17156;Ivana;F
677;17157;Ada;F
2119;17158;Maynard;M
2078;17159;Wilmer;M
652;17160;Ariana;F
3605;17161;Memphis;M
1704;17163;Malinda;F
1053;17165;Betsy;F
3588;17167;Alayah;F
3325;17168;Shaylee;F
2757;17169;Katelin;F
4061;17170;Taj;M
1866;17171;Cali;F
1110;17172;Myron;M
1681;17176;Cleveland;M
3286;17177;Meadow;F
903;17178;Kaden;M
2890;17179;Thomas;F
1531;17180;Jerald;M
2606;17181;Melodie;F
1322;17182;Dorothea;F
971;17184;Dana;M
2582;17185;Ulises;M
3181;17187;Blaise;M
938;17188;Trenton;M
136;17189;Kathryn;F
2091;17190;Carlo;M
96;17191;Aaron;M
3112;17192;Sariah;F
116;17193;Martha;F
3144;17194;Alesia;F
1941;17195;Blair;M
3794;17196;Granville;M
4363;17198;Franchesca;F
2727;17199;Lettie;F
1988;17200;Destinee;F
1799;17201;Letha;F
3879;17202;Ernestina;F
4198;17203;Jasen;M
3013;17204;Verda;F
2878;17205;Mireya;F
1994;17207;Mina;F
4122;17208;Alyssia;F
213;17209;Bradley;M
4166;17210;Lorin;M
1115;17211;Serena;F
3375;17212;Eden;M
875;17213;Dillon;M
3478;17215;Adria;F
2943;17216;Santino;M
2397;17217;Kaia;F
1581;17218;Lizbeth;F
3909;17219;Syed;M
1505;17220;Mickey;M
2502;17221;Sage;M
1395;17222;Esteban;M
4333;17223;Merrick;M
3304;17224;Carson;F
2734;17225;Eliseo;M
1822;17226;Caiden;M
1449;17227;Polly;F
2180;17228;Marci;F
886;17230;Lee;F
839;17231;Carly;F
1190;17233;Clarissa;F
2952;17235;Jaylynn;F
2109;17236;Kane;M
4272;17237;Hali;F
15;17238;Patricia;F
1034;17239;Doreen;F
2602;17240;Pasquale;M
1856;17241;Efrain;M
1541;17242;Vance;M
91;17243;Dennis;M
738;17244;Breanna;F
1495;17245;Adelaide;F
101;17246;Rachel;F
3403;17248;Vivien;F
3779;17249;Shelbie;F
1183;17251;Makenzie;F
4074;17254;Dori;F
3578;17255;Yoselin;F
2559;17256;Cordell;M
3672;17257;Lilith;F
1829;17258;Ignacio;M
1944;17259;Bruno;M
3965;17260;Jazmyne;F
3256;17261;Tristian;M
1187;17262;Jewel;F
3817;17264;Kensley;F
2147;17266;Hollis;M
864;17268;Skylar;F
4235;17269;Adalberto;M
842;17270;Camille;F
245;17271;Peggy;F
3822;17273;Ray;F
4120;17274;Janey;F
4251;17275;Natali;F
4058;17276;Gayle;M
2866;17278;Rob;M
3648;17280;Coty;M
1732;17281;Keaton;M
3006;17282;Kala;F
4309;17283;Debrah;F
3592;17284;Evette;F
1844;17285;Kaylin;F
4089;17286;Shanell;F
234;17287;Stanley;M
4141;17288;Everleigh;F
2133;17289;Deon;M
1119;17290;Elisa;F
2748;17292;Essence;F
255;17293;Danny;M
1776;17294;Alessandra;F
968;17296;Jordyn;F
2122;17298;Gerry;M
3407;17299;Theda;F
3400;17300;Emmalyn;F
2322;17301;Wilda;F
3130;17304;Zola;F
2025;17305;Shania;F
4041;17306;Immanuel;M
1496;17307;Cade;M
3534;17308;Kraig;M
1739;17309;Elinor;F
3123;17310;Danita;F
1716;17311;Rhett;M
215;17314;Lois;F
3642;17315;Normand;M
3886;17316;Aydan;M
1151;17318;Ellis;M
1778;17319;Carmella;F
1529;17320;Freddy;M
2769;17321;Sunny;F
218;17322;Victor;M
1388;17323;Julianne;F
1308;17324;Quinn;M
2126;17325;Royal;M
3154;17326;Ginny;F
2889;17327;Misti;F
1742;17328;Vaughn;M
266;17329;Norma;F
2034;17330;Brice;M
1929;17332;Chrystal;F
4026;17334;Shanon;F
1543;17335;Glenna;F
3450;17336;Leigh;M
2171;17338;Margot;F
3259;17339;Aurelio;M
924;17340;Adeline;F
3096;17341;Carmel;F
1762;17342;Ashton;F
286;17343;Gladys;F
1061;17344;Silas;M
90;17345;Nicole;F
2557;17346;Mekhi;M
2163;17348;Sheree;F
2243;17349;Josefina;F
1697;17350;Ayla;F
1042;17351;Shawna;F
1418;17352;Millie;F
1587;17353;Thaddeus;M
3784;17354;Campbell;F
4228;17355;Abdiel;M
1506;17356;Hayden;F
1977;17358;Ollie;M
2028;17359;Deja;F
3704;17360;Maximillian;M
1694;17361;Mauricio;M
1354;17362;Amir;M
4060;17363;Xochitl;F
835;17364;Verna;F
1687;17365;Virgie;F
3522;17366;Kenley;F
1211;17368;Marla;F
3523;17369;Shyann;F
868;17371;Lincoln;M
287;17372;Cindy;F
2016;17373;Adrian;F
4130;17374;Emogene;F
3732;17375;Donald;F
3195;17376;Leyla;F
155;17377;Jacqueline;F
4339;17378;Stephaine;F
3121;17380;Daron;M
3007;17381;Madilynn;F
2831;17382;Leif;M
3532;17383;Venessa;F
3472;17384;Kelley;M
4240;17386;Dorian;F
1002;17388;Michaela;F
659;17389;Maya;F
3880;17390;Deion;M
3557;17392;Gaylord;M
3368;17393;Melvina;F
3267;17395;Rubin;M
3630;17396;Javion;M
3915;17397;Garett;M
3095;17399;Warner;M
1281;17400;Tia;F
3081;17401;Sabina;F
1260;17402;Charity;F
3549;17403;Breann;F
587;17404;Maggie;F
766;17406;Kristi;F
3962;17407;Romona;F
3233;17408;Burl;M
1066;17409;Salvador;M
222;17411;Shawn;M
170;17412;Bryan;M
2830;17413;Rodrick;M
272;17414;Ellen;F
1172;17416;Emilio;M
3002;17417;Journee;F
4218;17418;Jewell;M
1574;17419;Conor;M
4069;17420;Jacque;F
699;17421;Karla;F
3120;17422;Miller;M
4150;17423;Cherise;F
3787;17424;Arlette;F
1886;17426;Loraine;F
99;17428;Samantha;F
3768;17429;Chanelle;F
3413;17430;Lacy;M
289;17432;Elaine;F
4239;17433;Blythe;F
3967;17435;Anneliese;F
812;17436;Terrance;M
3149;17437;Danelle;F
2144;17438;Mohammad;M
1939;17439;Parker;F
2996;17440;Vesta;F
823;17441;Roman;M
1857;17442;Ahmad;M
2257;17445;Catharine;F
2081;17448;Maximiliano;M
970;17449;Erma;F
3649;17450;Jonnie;F
2543;17452;Ayana;F
1451;17454;Jayne;F
3515;17456;Ashli;F
831;17457;Sandy;F
4271;17458;Shay;M
1537;17460;Ryker;M
2679;17463;Elouise;F
2396;17464;Finley;M
242;17465;Robin;F
4123;17467;Casper;M
4334;17468;Carolee;F
1246;17469;Terrell;M
3269;17470;Gene;F
3438;17471;Johana;F
2267;17472;Carey;F
3521;17473;Nevin;M
2568;17474;Deven;M
144;17476;Sean;M
2036;17477;Deanne;F
2213;17478;Petra;F
2216;17479;Garret;M
3598;17480;Antone;M
2758;17482;Alijah;M
3935;17483;Wylie;M
2330;17484;Micah;F
84;17485;Angela;F
1092;17487;Julianna;F
2136;17488;Tillie;F
2834;17490;Carli;F
2656;17491;Haylie;F
3221;17492;Elia;F
4246;17493;Eric;F
3302;17494;Evelin;F
4172;17495;Alyvia;F
1438;17496;Heath;M
2468;17497;Isis;F
2901;17499;Lakesha;F
1763;17504;Dolly;F
2521;17505;Freeman;M
567;17508;Alison;F
3877;17510;Adelle;F
126;17511;Lauren;F
1048;17512;Braxton;M
3415;17513;Zain;M
1775;17514;Precious;F
2979;17515;Charla;F
4310;17516;Len;M
2363;17518;Knox;M
7;17519;Joseph;M
3701;17521;Gannon;M
3646;17524;Carter;F
3778;17525;Zavier;M
1283;17526;Noelle;F
1403;17529;Zachery;M
785;17530;Rebekah;F
922;17531;Celeste;F
4234;17532;Cinda;F
3698;17533;Charleigh;F
1991;17534;Miracle;F
1588;17536;Harley;F
1113;17539;Bentley;M
2566;17540;Mira;F
3255;17541;Maryjo;F
2129;17542;Gunnar;M
2994;17543;Xiomara;F
4177;17544;Jalyn;F
2765;17545;Amya;F
3036;17546;Brisa;F
1823;17547;Abbey;F
4116;17548;Lavon;M
1759;17550;Reynaldo;M
2276;17552;Maud;F
2471;17553;Leia;F
2699;17555;Danial;M
4307;17556;Luigi;M
789;17557;Willard;M
4153;17558;Norene;F
3242;17559;Alpha;F
1882;17560;Ulysses;M
763;17561;Nevaeh;F
2457;17563;Farrah;F
2694;17565;Brant;M
3627;17567;Williams;M
2215;17568;Benito;M
4273;17570;Keli;F
3066;17571;Cindi;F
1182;17572;Aubree;F
1800;17575;Macie;F
267;17576;Luis;M
1784;17577;Sybil;F
3152;17578;Kayden;F
2759;17579;Maryam;F
3850;17580;Shantell;F
231;17581;Ella;F
2340;17582;Francisca;F
2920;17583;Lyman;M
1566;17584;Darwin;M
3423;17585;Harmon;M
2395;17586;Jolie;F
2269;17587;Cari;F
2181;17588;Camron;M
2110;17589;Sanford;M
1466;17591;Deandre;M
10;17592;Thomas;M
688;17593;Abraham;M
2524;17594;Macey;F
1194;17596;Wilbert;M
2721;17597;Sullivan;M
4283;17598;Timothy;F
3426;17599;Lonny;M
4290;17601;Cleve;M
2406;17602;Roxana;F
993;17603;Ezra;M
1626;17604;Ashlynn;F
2663;17605;Fallon;F
168;17606;Danielle;F
4315;17607;Jaylen;F
2498;17608;Karli;F
2494;17609;Kenton;M
773;17610;Antoinette;F
59;17611;Michelle;F
930;17612;Otis;M
3388;17615;Joycelyn;F
3537;17616;Lindsay;M
2821;17617;Lainey;F
1542;17618;Greta;F
3734;17621;Era;F
2581;17622;Wilford;M
1161;17623;Jazmin;F
1316;17624;Luna;F
1189;17625;Fabian;M
2552;17626;Felecia;F
1044;17627;Chance;M
3864;17629;Joanie;F
969;17631;Lana;F
1327;17632;Cayden;M
4189;17633;Jerrica;F
2655;17635;Tessie;F
1293;17638;Patrice;F
3396;17639;Rosita;F
2285;17640;Jesse;F
44;17641;Betty;F
730;17642;Ben;M
3281;17643;Johnson;M
1858;17644;Magdalena;F
1079;17645;Ty;M
1223;17646;Sasha;F
1777;17647;Nathalie;F
4245;17648;Mindi;F
3448;17649;Akeem;M
3175;17651;Genaro;M
3908;17655;Norine;F
3758;17657;Jaidyn;F
4230;17659;Tripp;M
191;17660;Alan;M
2143;17661;Noel;F
1263;17662;Jazmine;F
285;17663;Lucas;M
2386;17664;Christin;F
3346;17665;Paislee;F
3166;17666;Halie;F
1949;17667;Humberto;M
2442;17669;Marlena;F
4326;17671;Montserrat;F
1614;17672;Harlan;M
2256;17673;Desirae;F
4369;17674;Jovany;M
1035;17675;Nick;M
2388;17676;Maranda;F
1077;17677;Wilson;M
2537;17678;Scottie;M
277;17679;Valerie;F
3253;17680;Tad;M
1076;17681;Laurel;F
2124;17682;Renae;F
2945;17683;Shanda;F
1807;17685;Zayden;M
3132;17686;Corinna;F
3882;17687;Marshal;M
4148;17688;Remington;F
3439;17689;Sarahi;F
1723;17690;Silvia;F
3024;17691;Lindsey;M
3085;17692;Siobhan;F
2888;17694;Vincenzo;M
1635;17695;Maritza;F
1039;17696;Robin;M
2907;17699;Jaylah;F
22;17700;Paul;M
4085;17702;Caitlynn;F
3897;17703;Jerilyn;F
2778;17705;Jayceon;M
1488;17706;Sheena;F
809;17707;Irma;F
3831;17708;Jasiah;M
2540;17709;Catrina;F
3825;17710;Rona;F
3000;17713;Buster;M
3235;17714;Mariann;F
2631;17715;Dionne;F
195;17716;Juan;M
3861;17717;Delano;M
2082;17718;Cheyanne;F
2753;17720;Kirstin;F
1906;17721;Jacklyn;F
4321;17722;Anjelica;F
4322;17723;Thor;M
1597;17726;Ericka;F
3533;17728;Kalvin;M
2600;17729;Wilburn;M
2670;17730;Lashonda;F
1787;17731;Selina;F
3371;17732;Darci;F
2111;17734;Ward;M
3331;17735;Marnie;F
2252;17738;Jazlyn;F
793;17739;Kristy;F
1405;17740;Hillary;F
2918;17741;Addisyn;F
54;17742;Jonathan;M
3569;17743;Abdul;M
4287;17744;Marcell;M
2930;17745;Dashawn;M
2482;17746;Rayna;F
3170;17748;Callum;M
3034;17749;Antonette;F
3867;17751;Tressie;F
1356;17753;Leilani;F
1094;17754;Jasmin;F
3821;17755;Edd;M
4136;17756;Esme;F
1426;17757;Daniella;F
2845;17758;Kendal;F
2712;17759;Kasandra;F
2010;17760;Fernanda;F
3519;17762;Dayanara;F
1903;17763;Melina;F
251;17764;Earl;M
3567;17765;Elian;M
4279;17766;Daryl;F
3989;17767;Curtiss;M
151;17768;Willie;M
1487;17769;Rosetta;F
2672;17771;Giuliana;F
4163;17772;Kendyl;F
1478;17773;Susanne;F
1779;17774;Susanna;F
1244;17776;Valentina;F
1868;17778;Khalil;M
1544;17780;Kali;F
4258;17782;Ajay;M
3243;17783;Shelli;F
2990;17784;Evalyn;F
2864;17785;Duke;M
4362;17787;Esta;F
1869;17789;Chuck;M
3041;17790;Beckham;M
3419;17792;Adina;F
1507;17794;Harmony;F
3865;17796;Keanu;M
1201;17797;Hanna;F
2735;17798;Lura;F
1132;17799;Effie;F
1456;17801;Jaiden;M
1121;17802;Elliot;M
4167;17803;Shanelle;F
41;17804;Jeffrey;M
2484;17805;Ashlie;F
1337;17807;Bert;M
2740;17808;Bronson;M
179;17809;Denise;F
1570;17810;Cary;M
3583;17811;Franklyn;M
3147;17812;Maleah;F
3849;17814;Zainab;F
4154;17815;Lorinda;F
1206;17816;Sherman;M
3853;17817;Lynsey;F
133;17818;Jeremy;M
1128;17819;Ernestine;F
4341;17820;Maria;M
4028;17821;Santana;M
2919;17822;Selah;F
3871;17823;Caleigh;F
1145;17825;Sylvester;M
4338;17826;Dedrick;M
2356;17827;Lawanda;F
603;17829;Jessie;M
1239;17833;Roosevelt;M
3591;17834;Derrell;M
2251;17838;Madge;F
3606;17840;Ira;F
188;17841;Tiffany;F
2554;17842;Manuela;F
3959;17843;Ileana;F
2783;17845;Layton;M
2074;17847;Hailee;F
762;17848;Gabriela;F
2195;17849;Janessa;F
716;17850;Kristine;F
279;17851;Ava;F
874;17852;Yvette;F
256;17853;Audrey;F
859;17854;Kristopher;M
4348;17855;Sami;M
2130;17857;Kaelyn;F
780;17858;Shaun;M
1097;17860;Lottie;F
996;17861;Rudolph;M
2887;17862;Alexandrea;F
1984;17863;Orion;M
3795;17864;Shelbi;F
12;17865;Daniel;M
1169;17866;Lowell;M
160;17867;Teresa;F
4233;17868;Analia;F
3015;17869;Darby;F
4270;17870;Audriana;F
1448;17871;Ola;F
4274;17872;Kailani;F
1248;17873;Desmond;M
1513;17875;Staci;F
1709;17876;Mara;F
4126;17878;Lafayette;M
985;17880;Traci;F
4302;17882;Rina;F
1995;17883;Aniya;F
702;17884;Jillian;F
1140;17886;Trisha;F
1325;17888;Lamar;M
2412;17889;Davion;M
3467;17894;Nicki;F
2787;17897;Shyanne;F
2857;17898;Raleigh;M
3204;17901;Tamela;F
3027;17902;Barbra;F
4142;17903;Wes;M
1648;17905;Emery;F
2151;17907;Kaila;F
1147;17908;Ebony;F
162;17909;Gloria;F
1133;17910;Katharine;F
4330;17912;Mechelle;F
235;17913;Cody;M
2961;17915;Jabari;M
769;17916;Angelo;M
3284;17918;Remy;M
3640;17919;Demond;M
732;17920;Andres;M
3250;17921;Ariah;F
3061;17922;Niko;M
3043;17923;Efren;M
3934;17924;Lillianna;F
4349;17925;Melony;F
2745;17926;Demi;F
1296;17927;Alisa;F
2819;17928;Roxann;F
947;17929;Mya;F
2067;17930;Alden;M
1874;17931;Ilene;F
2222;17933;Aleah;F
4027;17934;Wren;F
687;17935;Bob;M
3885;17938;Zaire;M
230;17940;Alyssa;F
1357;17941;Pam;F
1651;17943;Duncan;M
3838;17944;Sanaa;F
1413;17945;Bret;M
128;17949;Kelly;F
1339;17950;Stewart;M
4039;17951;Nada;F
3073;17952;Leighton;M
3091;17953;Yusuf;M
960;17954;Eliza;F
1830;17955;Keenan;M
1093;17958;Clark;M
2638;17959;Hassan;M
2131;17960;Jordon;M
83;17961;Henry;M
1425;17962;Rylan;M
1497;17963;Rocky;M
4354;17964;Kaylan;F
1152;17965;Freda;F
1475;17966;Gilberto;M
3914;17967;Roxane;F
3247;17968;Elyssa;F
765;17969;Drew;M
3011;17971;Kia;F
4023;17974;Chiara;F
3364;17975;Wilber;M
4355;17976;Gauge;M
4090;17977;Casimir;M
883;17978;Bryson;M
4155;17980;Melia;F
3981;17981;Jayna;F
1636;17982;Aisha;F
4124;17983;Lawerence;M
28;17984;Joshua;M
2973;17987;Darrick;M
824;17988;Morris;M
4300;17989;Crista;F
833;17990;Alberta;F
2647;17991;Hershel;M
4183;17992;Fermin;M
2438;17993;Cornell;M
2379;17994;Sloane;F
4222;17995;Braulio;M
3023;17996;Valentino;M
53;17998;Stephen;M
4311;17999;Tawny;F
2880;18000;River;F
187;18001;Natalie;F
858;18002;Lila;F
4317;18003;Alessia;F
1272;18006;Ashleigh;F
4162;18007;Rasheed;M
1355;18008;Dena;F
1983;18009;Thurman;M
2855;18011;Corrie;F
1237;18012;Terence;M
1632;18016;Dominique;M
3745;18017;Saylor;F
3878;18018;Kyson;M
3052;18020;Kale;M
3248;18021;Michell;F
3033;18022;Kip;M
3092;18023;Jenelle;F
2407;18025;Annamarie;F
3288;18026;Mimi;F
2716;18028;Landyn;M
2115;18029;Queen;F
4308;18031;Elora;F
4327;18034;Roel;M
4241;18035;Holland;F
1300;18036;Orville;M
71;18037;Raymond;M
2929;18038;Nylah;F
2150;18039;Vito;M
1431;18041;Debora;F
3071;18042;Iesha;F
4377;18043;Krysten;F
2922;18044;Davina;F
2009;18046;Kellen;M
4275;18047;Iman;F
3345;18048;Sincere;M
2660;18049;Jerrod;M
4156;18050;Hernan;M
950;18051;Wilbur;M
2874;18052;Lindy;F
3167;18053;Jerrell;M
4159;18054;Brannon;M
3953;18055;Sherie;F
2418;18056;Kitty;F
1473;18057;Tiana;F
1796;18058;Reece;M
2868;18060;Asha;F
657;18061;Javier;M
2584;18062;Alvina;F
2211;18063;Clement;M
1696;18064;Jayden;F
984;18065;Abel;M
3921;18066;Jamya;F
2017;18069;Joesph;M
916;18070;Homer;M
710;18071;Jade;F
3278;18074;Ruthann;F
3324;18075;Julieta;F
4289;18076;Dannielle;F
801;18077;Janie;F
2273;18078;Mitzi;F
3358;18079;Joleen;F
4101;18083;Ouida;F
4191;18084;Mikael;M
2265;18085;Laverne;M
4;18087;William;M
3571;18089;Danyelle;F
3860;18090;Aya;F
2619;18091;Shellie;F
670;18092;Darryl;M
2411;18093;Veda;F
1085;18094;Jana;F
2572;18095;Ryland;M
3238;18096;Nedra;F
1269;18097;Francine;F
4117;18098;Austin;F
2982;18100;Justus;M
1720;18101;Elton;M
3;18102;Michael;M
2995;18103;Odis;M
1444;18106;Davis;M
3614;18107;Kelsea;F
158;18108;Christian;M
3174;18109;Dania;F
3970;18110;Adelia;F
2671;18111;Adonis;M
2958;18112;Chandler;F
4373;18113;Elna;F
1402;18115;Amaya;F
3971;18116;Tawnya;F
4278;18118;Barron;M
4376;18119;Johann;M
3236;18123;Miya;F
3451;18124;Artie;F
4045;18127;Antione;M
3102;18128;Kaycee;F
2228;18131;Elisha;M
3292;18132;Latosha;F
1437;18134;Hadley;F
2199;18135;Thea;F
3543;18136;Braelynn;F
2964;18137;Keon;M
642;18140;Nolan;M
2678;18141;Latrice;F
1253;18144;Gregg;M
870;18145;Ellie;F
2050;18148;Jerri;F
2192;18149;Haven;F
2070;18151;Denver;M
2060;18152;Rosella;F
1908;18153;Octavia;F
3363;18154;Janeen;F
4365;18156;Hasan;M
2813;18157;Jeanna;F
4232;18160;Makaila;F
4303;18161;Elliott;F
822;18162;Adrienne;F
2705;18163;Zoie;F
2341;18166;Hunter;F
276;18168;Allen;M
1380;18170;Tania;F
1344;18171;Elbert;M
1056;18172;Johnnie;F
2446;18173;Breana;F
2534;18174;Mariela;F
1703;18175;Kiera;F
1214;18177;Marina;F
1902;18178;Jerry;F
1848;18179;Roslyn;F
696;18181;Jackie;F
3482;18182;Darron;M
1265;18186;Cornelius;M
2230;18187;Alena;F
2339;18188;Dalia;F
2301;18189;Yasmine;F
1329;18190;Ina;F
3430;18191;Eleanora;F
3617;18193;Tamar;F
1645;18194;Michael;F
4220;18195;Bernita;F
2221;18196;Moshe;M
2793;18197;Chantelle;F
1571;18199;Brynn;F
1261;18201;Jalen;M
881;18203;Hudson;M
2951;18206;Emmalee;F
3317;18207;Carleen;F
2862;18208;Ferdinand;M
4257;18210;Christophe;M
1678;18212;Marcy;F
2946;18214;Arron;M
2343;18215;Cyril;M
3182;18217;Roseanne;F
1890;18218;Liza;F
820;18219;Brody;M
1188;18220;Saul;M
4178;18221;Iyana;F
664;18223;Hattie;F
704;18225;Rachael;F
2085;18226;Rosanne;F
3395;18227;Karmen;F
253;18229;Jimmy;M
3186;18230;Anson;M
1391;18231;Reed;M
2955;18234;Zack;M
2536;18236;Brook;F
3227;18238;Krysta;F
3840;18239;Malcom;M
2431;18241;Lesa;F
1396;18242;Francesca;F
3942;18243;Vina;F
3293;18244;Chiquita;F
2141;18245;Amira;F
2489;18246;Daren;M
2245;18247;Eddy;M
1328;18251;Hugo;M
917;18252;Lyle;M
2107;18253;Ursula;F
2738;18254;Barton;M
3516;18255;Hamilton;M
4208;18256;Ronna;F
1910;18257;Wiley;M
2809;18258;Venus;F
848;18259;Flora;F
1198;18260;Yesenia;F
2549;18262;Kallie;F
3321;18264;Jaylee;F
3709;18266;Jonna;F
1743;18267;Robert;F
1057;18268;Zane;M
4378;18269;Kimberly;M
3713;18270;Yajaira;F
862;18271;Gianna;F
2073;18272;Vivienne;F
2659;18273;Jacoby;M
905;18275;Alana;F
1040;18276;Janis;F
3340;18277;Noelia;F
4035;18278;Madisen;F
3218;18279;Stefani;F
4143;18280;Tanika;F
2766;18281;Aliya;F
1921;18283;Russel;M
3738;18284;Ora;M
1880;18285;Odessa;F
1227;18286;Kaiden;M
79;18287;Cynthia;F
